trading_date,ticker,stable_security_id,shadow,premarket_real_bars_60m,premarket_real_bars_total,prior_close,price_at_freeze,premarket_dollar_volume_usd,average_daily_dollar_volume_usd,market_cap_usd,relative_volume_raw,relative_volume_score,price_slope_15m_raw,price_slope_15m_score,price_slope_30m_raw,price_slope_30m_score,price_slope_60m_raw,price_slope_60m_score,volume_slope_15m_raw,volume_slope_15m_score,volume_slope_30m_raw,volume_slope_30m_score,volume_slope_60m_raw,volume_slope_60m_score,premarket_gap_strength_raw,premarket_gap_strength_score,price_vs_premarket_vwap_raw,price_vs_premarket_vwap_score,premarket_trend_consistency_raw,premarket_trend_consistency_score,price_volume_confirmation_raw,price_volume_confirmation_score,premarket_range_expansion_raw,premarket_range_expansion_score,relative_strength_index_15m_raw,relative_strength_index_15m_score,relative_strength_index_30m_raw,relative_strength_index_30m_score,relative_strength_index_60m_raw,relative_strength_index_60m_score,sector_strength_raw,sector_strength_score,stock_leadership_vs_sector_raw,stock_leadership_vs_sector_score,broad_market_regime_alignment_raw,broad_market_regime_alignment_score,catalyst_quality_raw,catalyst_quality_score,catalyst_verification_confidence_raw,catalyst_verification_confidence_score,catalyst_freshness_relevance_raw,catalyst_freshness_relevance_score,atr_pct_opportunity_raw,atr_pct_opportunity_score,current_range_pct_opportunity_raw,current_range_pct_opportunity_score,average_daily_dollar_volume_quality_raw,average_daily_dollar_volume_quality_score,premarket_dollar_volume_quality_raw,premarket_dollar_volume_quality_score,total_score,score_pct,score_pct_reachable,score_pct_fixed120,reachable_metric_count,unavailable_metrics,benchmark_symbol,alpha12_total_score,alpha12_score_pct,rubric_version,reversal_score_pct,selected,news_article_count,news_fetch_status,admitted_event_count,best_event_type,source_tier,verification_status,freshest_event_age_minutes,sentiment,keyword_sentiment_hint,selection_basis,rejection_reasons,liquidity_action,top_10_mover,benchmark_rank,open_0930,day_high,day_low,close,day_mfe_pct,day_mae_pct,close_vs_open_pct,time_of_day_high,high_0930_1000_pct,return_0930_1000_pct,no_regular_session_path,cost_model_id,execution_policy_v1.0_exit_reason,execution_policy_v1.0_realized_return_pct,execution_policy_v1.0_capture_ratio,execution_policy_v1.0_stop_distance_pct,execution_policy_v1.0_net_realized_return_pct,execution_policy_v1.0_cost_bps,execution_policy_v1.0_net_capture_ratio,execution_policy_atr_v1.0_exit_reason,execution_policy_atr_v1.0_realized_return_pct,execution_policy_atr_v1.0_capture_ratio,execution_policy_atr_v1.0_stop_distance_pct,execution_policy_atr_v1.0_net_realized_return_pct,execution_policy_atr_v1.0_cost_bps,execution_policy_atr_v1.0_net_capture_ratio
2024-03-11,AA,BBG00B3T3HF1,true,11,27,29.850000,29.470000,453066.733333,160822651.620500,5327386453.800000,0.347731,0,,,,,,,,,,,,,-1.273032,0,0.196251,0,23.076923,0,0,0,0.568746,0,,,,,,,,,,,-0.198230,0,OTHER,1,SINGLE_SOURCE,1,,0,4.133788,2,2.211055,0,160822651.620500,4,453066.733333,1,9,9.000000,9.000000,7.500000,25,call_options_confirmation|analyst_revision_strength|positive_social_attention_acceleration|spread_quality|order_book_depth_quality,IWM,0,0.000000,alpha_v1.3_25m,,false,1,AVAILABLE,1,OTHER,OTHER,SINGLE_SOURCE,,UNKNOWN,UNKNOWN,NOT_SELECTED,INSUFFICIENT_PREMARKET_BARS,PASS,false,,29.580000,30.789900,29.480000,30.500000,4.090264,-0.338066,3.110210,2024-03-11T15:15:00-04:00,2.501690,0.676133,false,execution_costs_v1.0,,0.000000,,,0.000000,0.000000,,,,,,,,
2024-03-11,AAL,BBG005P7Q907,true,15,34,14.680000,14.650000,582017.883533,445760340.625500,9593975274.000000,0.250356,0,,,,,,,,,,,,,-0.204360,0,-0.035701,0,36.363636,0,0,0,0.325442,0,,,,,,,0.216948,0,-0.118360,0,-0.302947,0,EARNINGS,4,SINGLE_SOURCE,1,4251.000000,0,2.993967,1,0.884196,0,445760340.625500,4,582017.883533,2,12,12.000000,12.000000,10.000000,25,call_options_confirmation|analyst_revision_strength|positive_social_attention_acceleration|spread_quality|order_book_depth_quality,QQQ,0,0.000000,alpha_v1.3_25m,,false,3,AVAILABLE,3,EARNINGS,HIGH_QUALITY_WIRE,SINGLE_SOURCE,4251.000000,UNKNOWN,POSITIVE,NOT_SELECTED,INSUFFICIENT_PREMARKET_BARS,PASS,false,,14.600000,14.670000,14.420000,14.655000,0.479452,-1.232877,0.376712,2024-03-11T15:59:00-04:00,0.410959,0.000000,false,execution_costs_v1.0,,0.000000,,,0.000000,0.000000,,,,,,,,
2024-03-11,ACHR,BBG00XRTC929,true,23,52,4.580000,4.690000,145533.329333,31382996.666000,1356633588.060000,0.461518,0,0.012423,0,0.053601,3,0.012986,0,-11.025173,0,0.810231,2,0.250073,1,2.401747,2,0.513814,2,37.254902,0,2,2,0.510398,0,100.000000,4,75.380711,4,62.594458,3,0.112231,0,2.487746,1,-0.198230,0,,0,UNVERIFIED,0,,0,6.573768,2,2.838428,0,31382996.666000,3,145533.329333,0,29,29.000000,29.000000,24.166667,25,call_options_confirmation|analyst_revision_strength|positive_social_attention_acceleration|spread_quality|order_book_depth_quality,IWM,12,25.000000,alpha_v1.3_25m,20.833333,false,0,AVAILABLE,0,,,UNVERIFIED,,,,NOT_SELECTED,LIQUIDITY_BELOW_MINIMUM|INSUFFICIENT_PREMARKET_BARS,REJECT,false,,4.660000,4.960000,4.640000,4.780000,6.437768,-0.429185,2.575107,2024-03-11T10:46:00-04:00,4.935622,1.504292,false,execution_costs_v1.0,,0.000000,,,0.000000,0.000000,,,,,,,,
2024-03-11,AEHR,BBG001SB1CS4,true,16,37,16.250000,16.150000,281351.926667,21208960.868500,467988836.250000,1.435727,2,,,,,,,,,,,,,-0.615385,0,-0.052648,0,44.444444,0,0,0,0.446712,0,,,,,,,0.112231,0,-0.529385,0,-0.198230,0,,0,UNVERIFIED,0,,0,6.457099,2,2.707692,0,21208960.868500,2,281351.926667,1,7,7.000000,7.000000,5.833333,25,call_options_confirmation|analyst_revision_strength|positive_social_attention_acceleration|spread_quality|order_book_depth_quality,IWM,2,4.166667,alpha_v1.3_25m,,false,0,AVAILABLE,0,,,UNVERIFIED,,,,NOT_SELECTED,INSUFFICIENT_PREMARKET_BARS,PASS,false,,16.200000,16.600000,16.000000,16.240000,2.469136,-1.234568,0.246914,2024-03-11T09:44:00-04:00,2.469136,-0.370370,false,execution_costs_v1.0,,0.000000,,,0.000000,0.000000,,,,,,,,
2024-03-11,AFRM,BBG00Y7BP8Z0,true,22,46,38.760000,38.760000,2165976.591600,396548195.402000,11694029210.400000,0.286714,0,0.066605,4,0.035072,4,0.001460,0,-2.713431,0,1.104795,3,2.780262,4,0.000000,0,-0.262606,0,35.555556,0,2,2,0.360925,0,62.150404,3,57.692308,2,53.543945,1,0.311565,0,-0.073153,0,-0.238412,0,GUIDANCE,4,SINGLE_SOURCE,1,4206.466667,0,5.159277,2,2.089783,0,396548195.402000,4,2165976.591600,3,37,37.000000,37.000000,30.833333,25,call_options_confirmation|analyst_revision_strength|positive_social_attention_acceleration|spread_quality|order_book_depth_quality,SPY,17,35.416667,alpha_v1.3_25m,39.583333,false,1,AVAILABLE,1,GUIDANCE,HIGH_QUALITY_WIRE,SINGLE_SOURCE,4206.466667,UNKNOWN,UNKNOWN,NOT_SELECTED,INSUFFICIENT_PREMARKET_BARS,PASS,false,,38.800000,39.190000,37.130000,37.210000,1.005155,-4.304124,-4.097938,2024-03-11T09:37:00-04:00,1.005155,-2.783505,false,execution_costs_v1.0,,0.000000,,,0.000000,0.000000,,,,,,,,
2024-03-11,AG,BBG001SGV444,true,13,27,5.310000,5.320000,171576.333700,33003181.803500,1523283443.550000,0.690391,0,,,,,,,,,,,,,0.188324,0,-0.223838,0,30.769231,0,0,0,1.033537,1,,,,,,,,,,,-0.198230,0,,0,UNVERIFIED,0,,0,4.384853,2,4.519774,1,33003181.803500,3,171576.333700,0,7,7.000000,7.000000,5.833333,25,call_options_confirmation|analyst_revision_strength|positive_social_attention_acceleration|spread_quality|order_book_depth_quality,IWM,1,2.083333,alpha_v1.3_25m,,false,0,AVAILABLE,0,,,UNVERIFIED,,,,NOT_SELECTED,LIQUIDITY_BELOW_MINIMUM|INSUFFICIENT_PREMARKET_BARS,REJECT,false,,5.320000,5.540000,5.250000,5.460000,4.135338,-1.315789,2.631579,2024-03-11T12:11:00-04:00,3.947368,1.703008,false,execution_costs_v1.0,,0.000000,,,0.000000,0.000000,,,,,,,,
2024-03-11,AGNC,BBG001T074G2,true,15,32,9.730000,9.730000,293558.360200,104100436.244000,6305040000.000000,0.268480,0,,,,,,,,,,,,,0.000000,0,-0.067741,0,35.483871,0,0,0,0.469101,0,,,,,,,0.376100,0,-0.073153,0,-0.302947,0,OTHER,1,SINGLE_SOURCE,1,,0,1.435032,0,0.719424,0,104100436.244000,4,293558.360200,1,7,7.000000,7.000000,5.833333,25,call_options_confirmation|analyst_revision_strength|positive_social_attention_acceleration|spread_quality|order_book_depth_quality,QQQ,0,0.000000,alpha_v1.3_25m,,false,1,AVAILABLE,1,OTHER,OTHER,SINGLE_SOURCE,,UNKNOWN,UNKNOWN,NOT_SELECTED,INSUFFICIENT_PREMARKET_BARS,PASS,false,,9.750000,9.920000,9.720000,9.815000,1.743590,-0.307692,0.666667,2024-03-11T09:35:00-04:00,1.743590,0.769231,false,execution_costs_v1.0,,0.000000,,,0.000000,0.000000,,,,,,,,
2024-03-11,AI,BBG00Y6G6Y84,false,32,77,31.700000,31.500000,3103218.182600,408524000.921000,3746995918.800000,0.296974,0,0.004300,0,0.000269,0,-0.002245,0,3.878681,4,-7.519363,0,0.243526,0,-0.630915,0,-0.268856,0,42.105263,0,1,1,0.289639,0,50.035740,1,51.725328,1,50.306185,1,-0.277735,0,-0.154949,0,-0.198230,0,EARNINGS,4,SINGLE_SOURCE,1,1325.000000,1,8.173952,3,1.886751,0,408524000.921000,4,3103218.182600,4,25,25.000000,25.000000,20.833333,25,call_options_confirmation|analyst_revision_strength|positive_social_attention_acceleration|spread_quality|order_book_depth_quality,IWM,5,10.416667,alpha_v1.3_25m,12.500000,false,4,AVAILABLE,4,EARNINGS,OTHER,SINGLE_SOURCE,1325.000000,UNKNOWN,UNKNOWN,NOT_SELECTED,BELOW_RESEARCH_THRESHOLD,PASS,false,,31.500000,32.189100,30.810000,30.890000,2.187619,-2.190476,-1.936508,2024-03-11T09:46:00-04:00,2.187619,0.190476,false,execution_costs_v1.0,,0.000000,,,0.000000,0.000000,,,,,,,,
2024-03-11,ALB,BBG001S7SBP9,true,16,55,118.330000,120.020000,8078713.910000,591569549.972500,13885643885.750000,1.479466,2,-0.044230,0,,,,,-20.217370,0,,,,,1.428209,1,-0.348228,0,37.037037,0,0,0,0.478886,0,3.448276,0,,,,,0.972357,1,0.694264,0,-0.238412,0,OTHER,1,SINGLE_SOURCE,1,,0,7.045502,3,2.543734,0,591569549.972500,4,8078713.910000,4,17,17.000000,17.000000,14.166667,25,call_options_confirmation|analyst_revision_strength|positive_social_attention_acceleration|spread_quality|order_book_depth_quality,SPY,3,6.250000,alpha_v1.3_25m,,false,1,AVAILABLE,1,OTHER,OTHER,SINGLE_SOURCE,,UNKNOWN,UNKNOWN,NOT_SELECTED,INSUFFICIENT_PREMARKET_BARS,PASS,false,,119.370000,125.840000,119.370000,124.750000,5.420122,0.000000,4.506995,2024-03-11T15:12:00-04:00,3.673452,2.810589,false,execution_costs_v1.0,,0.000000,,,0.000000,0.000000,,,,,,,,
2024-03-11,ALT,BBG001SNS461,true,27,41,10.390000,10.180000,342503.396133,71240452.966500,547411966.140000,0.180032,0,-0.054636,0,0.028587,1,-0.004067,0,-9.679682,0,-1.354208,0,-2.412945,0,-2.021174,0,-0.828464,0,32.500000,0,0,0,0.364661,0,45.101241,0,53.519474,1,43.170704,0,0.932175,1,-2.755119,0,-0.198230,0,,0,UNVERIFIED,0,,0,12.804276,4,3.849856,1,71240452.966500,4,342503.396133,1,13,13.000000,13.000000,10.833333,25,call_options_confirmation|analyst_revision_strength|positive_social_attention_acceleration|spread_quality|order_book_depth_quality,IWM,1,2.083333,alpha_v1.3_25m,,false,0,AVAILABLE,0,,,UNVERIFIED,,,,NOT_SELECTED,INSUFFICIENT_PREMARKET_BARS,PASS,false,,10.300000,10.440000,9.750100,9.870000,1.359223,-5.338835,-4.174757,2024-03-11T09:39:00-04:00,1.359223,-1.553398,false,execution_costs_v1.0,,0.000000,,,0.000000,0.000000,,,,,,,,
2024-03-11,AMC,BBG001SZYYL4,false,37,99,4.300000,4.320000,716459.891600,67397494.720000,852934661.400000,0.575895,0,-0.024081,0,-0.008987,0,-0.010671,0,-9.818785,0,0.610820,2,-1.899125,0,0.465116,0,-0.683881,0,32.653061,0,0,0,0.273677,0,42.836676,0,39.939638,0,42.836676,0,,,,,-0.198230,0,OTHER,1,SINGLE_SOURCE,1,,0,8.346013,3,2.093023,0,67397494.720000,4,716459.891600,2,13,13.000000,13.000000,10.833333,25,call_options_confirmation|analyst_revision_strength|positive_social_attention_acceleration|spread_quality|order_book_depth_quality,IWM,2,4.166667,alpha_v1.3_25m,,false,4,AVAILABLE,4,OTHER,HIGH_QUALITY_WIRE,SINGLE_SOURCE,,UNKNOWN,UNKNOWN,NOT_SELECTED,BELOW_RESEARCH_THRESHOLD,PASS,false,,4.300000,4.500000,4.250000,4.360000,4.651163,-1.162791,1.395349,2024-03-11T10:33:00-04:00,4.418605,2.560465,false,execution_costs_v1.0,,0.000000,,,0.000000,0.000000,,,,,,,,
2024-03-11,APLD,BBG001SK4K76,true,19,35,4.590000,4.440000,121359.560667,14978628.168250,487918124.550000,0.988852,0,-0.006586,0,-0.005393,0,,,-1.963637,0,2.141846,4,,,-3.267974,0,-1.138667,0,29.411765,0,0,0,0.632668,0,50.000000,1,42.857143,0,,,-0.277735,0,-2.792008,0,-0.198230,0,,0,UNVERIFIED,0,,0,7.516184,3,5.010893,1,14978628.168250,2,121359.560667,0,11,11.000000,11.000000,9.166667,25,call_options_confirmation|analyst_revision_strength|positive_social_attention_acceleration|spread_quality|order_book_depth_quality,IWM,4,8.333333,alpha_v1.3_25m,,false,0,AVAILABLE,0,,,UNVERIFIED,,,,NOT_SELECTED,LIQUIDITY_BELOW_MINIMUM|INSUFFICIENT_PREMARKET_BARS,REJECT,false,,4.440000,4.540000,4.200000,4.210000,2.252252,-5.405405,-5.180180,2024-03-11T09:30:00-04:00,2.252252,-2.274775,false,execution_costs_v1.0,,0.000000,,,0.000000,0.000000,,,,,,,,
2024-03-11,AQST,BBG00L9HP1R7,true,13,29,4.880000,5.010000,397545.903900,10820041.745250,325629189.840000,1.865289,3,,,,,,,,,,,,,2.663934,2,-1.572114,0,28.571429,0,0,0,1.133492,1,,,,,,,0.932175,1,1.929989,0,-0.198230,0,GUIDANCE,4,SINGLE_SOURCE,1,3987.983333,0,12.658665,4,13.319672,3,10820041.745250,2,397545.903900,1,22,22.000000,22.000000,18.333333,25,call_options_confirmation|analyst_revision_strength|positive_social_attention_acceleration|spread_quality|order_book_depth_quality,IWM,6,12.500000,alpha_v1.3_25m,,false,1,AVAILABLE,1,GUIDANCE,HIGH_QUALITY_WIRE,SINGLE_SOURCE,3987.983333,UNKNOWN,POSITIVE,NOT_SELECTED,INSUFFICIENT_PREMARKET_BARS,PASS,false,,5.020000,5.300000,4.700000,4.950000,5.577689,-6.374502,-1.394422,2024-03-11T13:30:00-04:00,1.593625,-5.577689,false,execution_costs_v1.0,,0.000000,,,0.000000,0.000000,,,,,,,,
2024-03-11,ARCC,BBG001SL96Z9,true,14,26,20.510000,20.530000,490643.973333,77106918.599000,11679145486.400002,0.961965,0,,,,,,,,,,,,,0.097513,0,-0.204522,0,24.000000,0,0,0,0.568998,0,,,,,,,,,,,-0.238412,0,OFFERING_DILUTION,0,SINGLE_SOURCE,1,,0,0.812496,0,0.487567,0,77106918.599000,4,490643.973333,1,6,6.000000,6.000000,5.000000,25,call_options_confirmation|analyst_revision_strength|positive_social_attention_acceleration|spread_quality|order_book_depth_quality,SPY,0,0.000000,alpha_v1.3_25m,,false,3,AVAILABLE,3,OFFERING_DILUTION,OTHER,SINGLE_SOURCE,,UNKNOWN,NEGATIVE,NOT_SELECTED,INSUFFICIENT_PREMARKET_BARS,PASS,false,,20.600000,20.710000,20.500000,20.545000,0.533981,-0.485437,-0.266990,2024-03-11T09:47:00-04:00,0.533981,-0.045146,false,execution_costs_v1.0,,0.000000,,,0.000000,0.000000,,,,,,,,
2024-03-11,ASAN,BBG00WYHL741,true,17,39,18.970000,18.940000,1525674.438000,35223329.742000,4167286462.220000,15.553347,4,,,,,,,,,,,,,-0.158144,0,0.030995,0,23.684211,0,0,0,0.330215,0,,,,,,,-0.277735,0,0.317821,0,-0.198230,0,EARNINGS,4,SINGLE_SOURCE,1,110.766667,4,4.406431,2,1.212441,0,35223329.742000,3,1525674.438000,3,21,21.000000,21.000000,17.500000,25,call_options_confirmation|analyst_revision_strength|positive_social_attention_acceleration|spread_quality|order_book_depth_quality,IWM,4,8.333333,alpha_v1.3_25m,,false,2,AVAILABLE,2,EARNINGS,HIGH_QUALITY_WIRE,SINGLE_SOURCE,110.766667,UNKNOWN,UNKNOWN,NOT_SELECTED,INSUFFICIENT_PREMARKET_BARS,PASS,false,,18.900000,19.200000,18.710000,18.780000,1.587302,-1.005291,-0.634921,2024-03-11T09:45:00-04:00,1.587302,-0.211640,false,execution_costs_v1.0,,0.000000,,,0.000000,0.000000,,,,,,,,
2024-03-11,BBAI,BBG00Z4HKRY1,false,56,207,2.570000,2.555000,1544617.181200,68441908.938500,400476161.000000,0.645335,0,-0.047273,0,0.005804,0,-0.020184,0,1.128586,3,0.052716,0,1.117738,3,-0.583658,0,-1.408467,0,27.669903,0,1,1,0.281453,0,47.058824,0,48.644252,0,45.738540,0,-0.277735,0,-0.107692,0,-0.198230,0,EARNINGS,4,SINGLE_SOURCE,1,210.000000,3,25.373541,4,4.085603,1,68441908.938500,4,1544617.181200,3,27,27.000000,27.000000,22.500000,25,call_options_confirmation|analyst_revision_strength|positive_social_attention_acceleration|spread_quality|order_book_depth_quality,IWM,7,14.583333,alpha_v1.3_25m,,false,6,AVAILABLE,6,EARNINGS,OTHER,SINGLE_SOURCE,210.000000,UNKNOWN,UNKNOWN,NOT_SELECTED,BELOW_RESEARCH_THRESHOLD,PASS,false,,2.570000,2.620000,2.400000,2.410000,1.945525,-6.614786,-6.225681,2024-03-11T09:31:00-04:00,1.945525,-5.832685,false,execution_costs_v1.0,,0.000000,,,0.000000,0.000000,,,,,,,,
2024-03-11,BITF,BBG00PGMZVM7,false,56,230,2.670000,2.680000,3800305.006500,102838354.697000,744113420.550000,1.581209,3,0.128114,4,-0.016235,0,0.031404,2,8.569966,4,-0.490614,0,-0.687917,0,0.374532,0,2.831386,4,35.807860,0,1,1,1.106834,1,83.333333,4,60.066445,2,58.782201,2,,,,,-0.198230,0,OFFERING_DILUTION,0,SINGLE_SOURCE,1,,0,13.924291,4,12.359551,3,102838354.697000,4,3800305.006500,4,43,43.000000,43.000000,35.833333,25,call_options_confirmation|analyst_revision_strength|positive_social_attention_acceleration|spread_quality|order_book_depth_quality,IWM,19,39.583333,alpha_v1.3_25m,,false,2,AVAILABLE,2,OFFERING_DILUTION,OTHER,SINGLE_SOURCE,,UNKNOWN,NEGATIVE,NOT_SELECTED,BELOW_RESEARCH_THRESHOLD,PASS,false,,2.660000,2.670500,2.370000,2.385000,0.394737,-10.902256,-10.338346,2024-03-11T09:31:00-04:00,0.394737,-9.996241,false,execution_costs_v1.0,,0.000000,,,0.000000,0.000000,,,,,,,,
2024-03-11,BLDP,BBG001S5Y1D1,true,18,40,3.310000,3.350800,279997.623767,8274776.123500,988704851.320000,6.789579,4,,,,,,,,,,,,,1.232628,1,-0.466035,0,41.025641,0,0,0,1.211298,1,,,,,,,,,,,-0.198230,0,,0,UNVERIFIED,0,,0,4.175658,2,5.135952,1,8274776.123500,1,279997.623767,1,11,11.000000,11.000000,9.166667,25,call_options_confirmation|analyst_revision_strength|positive_social_attention_acceleration|spread_quality|order_book_depth_quality,IWM,6,12.500000,alpha_v1.3_25m,,false,0,AVAILABLE,0,,,UNVERIFIED,,,,NOT_SELECTED,INSUFFICIENT_PREMARKET_BARS,PASS,false,,3.360000,3.360000,2.970000,3.000000,0.000000,-11.607143,-10.714286,2024-03-11T09:30:00-04:00,0.000000,-8.961310,false,execution_costs_v1.0,,0.000000,,,0.000000,0.000000,,,,,,,,
2024-03-11,BTDR,0001899123,true,14,56,7.360000,7.670000,1338151.294867,16725318.263500,818643975.360000,1.394059,2,,,,,,,,,,,,,4.211957,3,1.066331,3,34.545455,0,0,0,0.560108,0,,,,,,,,,,,-0.198230,0,,0,UNVERIFIED,0,,0,10.985928,4,6.793478,2,16725318.263500,2,1338151.294867,3,19,19.000000,19.000000,15.833333,25,call_options_confirmation|analyst_revision_strength|positive_social_attention_acceleration|spread_quality|order_book_depth_quality,IWM,8,16.666667,alpha_v1.3_25m,,false,0,AVAILABLE,0,,,UNVERIFIED,,,,NOT_SELECTED,INSUFFICIENT_PREMARKET_BARS,PASS,false,,7.530000,7.570000,6.310000,6.310000,0.531208,-16.201859,-16.201859,2024-03-11T09:30:00-04:00,0.531208,-5.976096,false,execution_costs_v1.0,,0.000000,,,0.000000,0.000000,,,,,,,,
2024-03-11,BTG,BBG001T0CNW6,true,15,48,2.630000,2.650000,454352.378733,24209182.914000,3412529960.670000,2.920386,4,,,,,,,,,,,,,0.760456,0,-0.294965,0,10.638298,0,0,0,0.372161,0,,,,,,,,,,,-0.198230,0,ANALYST_ACTION,2,SINGLE_SOURCE,1,,0,3.039381,1,1.140684,0,24209182.914000,2,454352.378733,1,11,11.000000,11.000000,9.166667,25,call_options_confirmation|analyst_revision_strength|positive_social_attention_acceleration|spread_quality|order_book_depth_quality,IWM,4,8.333333,alpha_v1.3_25m,,false,1,AVAILABLE,1,ANALYST_ACTION,HIGH_QUALITY_WIRE,SINGLE_SOURCE,,UNKNOWN,UNKNOWN,NOT_SELECTED,INSUFFICIENT_PREMARKET_BARS,PASS,false,,2.630000,2.700000,2.600000,2.680000,2.661597,-1.140684,1.901141,2024-03-11T13:17:00-04:00,1.330798,0.380228,false,execution_costs_v1.0,,0.000000,,,0.000000,0.000000,,,,,,,,
2024-03-11,CATX,BBG001S5Q300,true,12,19,1.190000,1.190000,37116.011233,2196270.670085,333879520.940000,4.939398,4,0.107910,4,-0.004130,0,,,2.474585,4,-10.544483,0,,,0.000000,0,0.346505,1,38.888889,0,1,1,0.284969,0,98.536585,4,49.877150,0,,,0.112231,0,0.085999,0,-0.198230,0,,0,UNVERIFIED,0,,0,6.528211,2,2.521008,0,2196270.670085,0,37116.011233,0,20,20.000000,20.000000,16.666667,25,call_options_confirmation|analyst_revision_strength|positive_social_attention_acceleration|spread_quality|order_book_depth_quality,IWM,14,29.166667,alpha_v1.3_25m,,false,0,AVAILABLE,0,,,UNVERIFIED,,,,NOT_SELECTED,LIQUIDITY_BELOW_MINIMUM|INSUFFICIENT_PREMARKET_BARS,REJECT,false,,1.200000,1.230000,1.130000,1.140000,2.500000,-5.833333,-5.000000,2024-03-11T10:55:00-04:00,0.000000,-0.833333,false,execution_costs_v1.0,,0.000000,,,0.000000,0.000000,,,,,,,,
2024-03-11,CHH,BBG001S997X6,true,23,33,121.030000,128.980000,9772739.416667,70808882.302000,6097200322.850000,4459.186047,4,-0.032267,0,0.008581,0,0.045288,2,-6.084959,0,-10.976710,0,-0.078760,0,6.568619,4,1.225538,3,40.625000,0,0,0,3.429690,4,31.512605,0,56.417112,2,72.372372,4,,,,,-0.198230,0,OFFERING_DILUTION,0,SINGLE_SOURCE,1,,0,2.375444,1,7.337024,2,70808882.302000,4,9772739.416667,4,35,35.000000,35.000000,29.166667,25,call_options_confirmation|analyst_revision_strength|positive_social_attention_acceleration|spread_quality|order_book_depth_quality,IWM,17,35.416667,alpha_v1.3_25m,,false,1,AVAILABLE,1,OFFERING_DILUTION,HIGH_QUALITY_WIRE,SINGLE_SOURCE,,UNKNOWN,NEGATIVE,NOT_SELECTED,INSUFFICIENT_PREMARKET_BARS,PASS,false,,131.000000,133.540000,125.570000,127.790000,1.938931,-4.145038,-2.450382,2024-03-11T09:33:00-04:00,1.938931,-1.977099,false,execution_costs_v1.0,,0.000000,,,0.000000,0.000000,,,,,,,,
2024-03-11,CHPT,BBG00Q741ZS7,true,24,51,1.920000,1.910000,118179.231467,28885416.378000,691303653.120000,0.346762,0,0.023221,4,0.011277,4,0.000088,0,-9.758613,0,5.069908,4,0.744963,2,-0.520833,0,-0.373248,0,24.000000,0,2,2,0.310842,0,100.000000,4,50.124688,1,44.456763,0,0.112231,0,-0.434834,0,-0.198230,0,ANALYST_ACTION,2,SINGLE_SOURCE,1,,0,6.938244,2,2.083333,0,28885416.378000,3,118179.231467,0,29,29.000000,29.000000,24.166667,25,call_options_confirmation|analyst_revision_strength|positive_social_attention_acceleration|spread_quality|order_book_depth_quality,IWM,16,33.333333,alpha_v1.3_25m,41.666667,false,2,AVAILABLE,1,ANALYST_ACTION,OTHER,SINGLE_SOURCE,,UNKNOWN,UNKNOWN,NOT_SELECTED,LIQUIDITY_BELOW_MINIMUM|INSUFFICIENT_PREMARKET_BARS,REJECT,false,,1.900000,2.030000,1.880000,1.920000,6.842105,-1.052632,1.052632,2024-03-11T09:38:00-04:00,6.842105,1.315789,false,execution_costs_v1.0,,0.000000,,,0.000000,0.000000,,,,,,,,
2024-03-11,CHWY,BBG00P19DLQ4,true,12,25,17.700000,17.600000,246077.917100,131627858.064000,7631149290.599999,0.214832,0,,,,,,,,,,,,,-0.564972,0,-0.391224,0,25.000000,0,0,0,0.399410,0,,,,,,,-0.136378,0,-0.230364,0,-0.198230,0,ANALYST_ACTION,2,SINGLE_SOURCE,1,,0,3.811784,1,1.523164,0,131627858.064000,4,246077.917100,0,8,8.000000,8.000000,6.666667,25,call_options_confirmation|analyst_revision_strength|positive_social_attention_acceleration|spread_quality|order_book_depth_quality,IWM,0,0.000000,alpha_v1.3_25m,,false,5,AVAILABLE,5,ANALYST_ACTION,OTHER,SINGLE_SOURCE,,UNKNOWN,UNKNOWN,NOT_SELECTED,LIQUIDITY_BELOW_MINIMUM|INSUFFICIENT_PREMARKET_BARS,REJECT,false,,17.710000,18.450000,17.680000,18.255000,4.178430,-0.169396,3.077357,2024-03-11T14:17:00-04:00,4.009034,2.456239,false,execution_costs_v1.0,,0.000000,,,0.000000,0.000000,,,,,,,,
2024-03-11,CIFR,BBG00XYHY0L1,false,32,127,3.510000,3.680000,880202.904600,35374541.129750,880854657.930000,0.772493,0,-0.081794,0,0.007933,0,-0.016814,0,-7.691077,0,1.974378,3,2.798829,4,4.843305,3,-1.547991,0,36.507937,0,1,1,0.375531,0,40.000000,0,44.444444,0,47.619048,0,0.271383,0,4.770152,1,-0.198230,0,,0,UNVERIFIED,0,,0,12.891331,4,4.843305,1,35374541.129750,3,880202.904600,2,22,22.000000,22.000000,18.333333,25,call_options_confirmation|analyst_revision_strength|positive_social_attention_acceleration|spread_quality|order_book_depth_quality,IWM,11,22.916667,alpha_v1.3_25m,,false,0,AVAILABLE,0,,,UNVERIFIED,,,,NOT_SELECTED,BELOW_RESEARCH_THRESHOLD,PASS,false,,3.660000,3.700000,3.150000,3.155000,1.092896,-13.934426,-13.797814,2024-03-11T09:31:00-04:00,1.092896,-8.879781,false,execution_costs_v1.0,,0.000000,,,0.000000,0.000000,,,,,,,,
2024-03-11,CLF,BBG001S5PW43,true,11,25,20.990000,20.740000,612508.163500,164182793.741000,10597038183.240000,1.253278,2,-0.001788,0,,,,,-20.381190,0,,,,,-1.191043,0,-0.236004,0,37.500000,0,0,0,0.463369,0,42.938659,0,,,,,,,,,-0.238412,0,,0,UNVERIFIED,0,,0,2.781086,1,1.238685,0,164182793.741000,4,612508.163500,2,9,9.000000,9.000000,7.500000,25,call_options_confirmation|analyst_revision_strength|positive_social_attention_acceleration|spread_quality|order_book_depth_quality,SPY,2,4.166667,alpha_v1.3_25m,,false,0,AVAILABLE,0,,,UNVERIFIED,,,,NOT_SELECTED,INSUFFICIENT_PREMARKET_BARS,PASS,false,,20.680000,20.930000,20.420000,20.540000,1.208897,-1.257253,-0.676983,2024-03-11T09:33:00-04:00,1.208897,-0.193424,false,execution_costs_v1.0,,0.000000,,,0.000000,0.000000,,,,,,,,
2024-03-11,CLOV,BBG00SHY90K3,true,12,30,0.811200,0.820000,54018.273167,9533241.914325,393319772.102400,1.147814,1,,,,,,,,,,,,,1.084813,1,0.177693,0,27.586207,0,0,0,0.750204,0,,,,,,,0.271383,0,1.011660,0,-0.198230,0,,0,UNVERIFIED,0,,0,4.672091,2,3.340730,1,9533241.914325,1,54018.273167,0,6,6.000000,6.000000,5.000000,25,call_options_confirmation|analyst_revision_strength|positive_social_attention_acceleration|spread_quality|order_book_depth_quality,IWM,2,4.166667,alpha_v1.3_25m,,false,0,AVAILABLE,0,,,UNVERIFIED,,,,NOT_SELECTED,LIQUIDITY_BELOW_MINIMUM|INSUFFICIENT_PREMARKET_BARS,REJECT,false,,0.812000,0.830000,0.784000,0.786000,2.216749,-3.448276,-3.201970,2024-03-11T09:47:00-04:00,2.216749,-1.157635,false,execution_costs_v1.0,,0.000000,,,0.000000,0.000000,,,,,,,,
2024-03-11,CLS,BBG001S9CXM7,true,11,28,46.100000,45.010000,807811.107500,94926632.294500,5502475992.600000,2.391479,4,,,,,,,,,,,,,-2.364425,0,-0.236077,0,33.333333,0,0,0,1.665354,3,,,,,,,,,,,-0.198230,0,,0,UNVERIFIED,0,,0,4.739805,2,6.854664,2,94926632.294500,4,807811.107500,2,17,17.000000,17.000000,14.166667,25,call_options_confirmation|analyst_revision_strength|positive_social_attention_acceleration|spread_quality|order_book_depth_quality,IWM,7,14.583333,alpha_v1.3_25m,,false,0,AVAILABLE,0,,,UNVERIFIED,,,,NOT_SELECTED,INSUFFICIENT_PREMARKET_BARS,PASS,false,,45.020000,45.482000,42.100000,43.670000,1.026211,-6.486006,-2.998667,2024-03-11T09:30:00-04:00,1.026211,-5.886273,false,execution_costs_v1.0,,0.000000,,,0.000000,0.000000,,,,,,,,
2024-03-11,CLSK,BBG001S7F576,false,60,293,20.240000,21.030000,38475825.856100,878139745.195500,3089500958.720000,1.152694,1,-0.031092,0,-0.083181,0,-0.033817,0,-5.063566,0,3.881564,4,2.238113,4,3.903162,2,-1.202607,0,45.205479,0,0,0,0.625382,0,40.845070,0,33.446319,0,41.735906,0,0.376100,0,3.830009,1,-0.302947,0,GUIDANCE,4,SINGLE_SOURCE,1,4206.466667,0,13.868824,4,9.584980,2,878139745.195500,4,38475825.856100,4,31,31.000000,31.000000,25.833333,25,call_options_confirmation|analyst_revision_strength|positive_social_attention_acceleration|spread_quality|order_book_depth_quality,QQQ,11,22.916667,alpha_v1.3_25m,,false,3,AVAILABLE,3,GUIDANCE,HIGH_QUALITY_WIRE,SINGLE_SOURCE,4206.466667,UNKNOWN,UNKNOWN,NOT_SELECTED,BELOW_RESEARCH_THRESHOLD,PASS,false,,21.040000,21.330000,16.870000,16.900000,1.378327,-19.819392,-19.676806,2024-03-11T09:30:00-04:00,1.378327,-7.224810,false,execution_costs_v1.0,,0.000000,,,0.000000,0.000000,,,,,,,,
2024-03-11,CVNA,BBG00GCTWF71,true,26,67,85.300000,85.116000,3904848.769333,670586056.432000,9506160831.500000,0.277079,0,,,-0.000385,0,-0.014061,0,,,-4.163880,0,-0.714835,0,-0.215709,0,-0.542298,0,40.909091,0,0,0,0.375274,0,,,49.612403,0,49.402670,0,-0.136378,0,0.118899,0,-0.198230,0,GUIDANCE,4,SINGLE_SOURCE,1,4206.466667,0,9.021939,3,2.989449,0,670586056.432000,4,3904848.769333,4,16,16.000000,16.000000,13.333333,25,call_options_confirmation|analyst_revision_strength|positive_social_attention_acceleration|spread_quality|order_book_depth_quality,IWM,0,0.000000,alpha_v1.3_25m,,false,5,AVAILABLE,4,GUIDANCE,HIGH_QUALITY_WIRE,SINGLE_SOURCE,4206.466667,UNKNOWN,UNKNOWN,NOT_SELECTED,INSUFFICIENT_PREMARKET_BARS,PASS,false,,84.285000,84.640000,77.970000,78.110000,0.421190,-7.492436,-7.326333,2024-03-11T09:31:00-04:00,0.421190,-4.654921,false,execution_costs_v1.0,,0.000000,,,0.000000,0.000000,,,,,,,,
2024-03-11,DNA,BBG00YPS1LT7,true,20,40,1.220000,1.220000,88323.388200,35201471.866500,2560600638.040000,0.306623,0,,,0.036151,2,0.008737,0,,,-3.636717,0,0.538086,2,0.000000,0,0.537017,2,25.641026,0,1,1,0.639579,0,,,96.296296,4,66.233766,3,0.932175,1,-0.733945,0,-0.198230,0,,0,UNVERIFIED,0,,0,9.482436,3,4.918033,1,35201471.866500,3,88323.388200,0,22,22.000000,22.000000,18.333333,25,call_options_confirmation|analyst_revision_strength|positive_social_attention_acceleration|spread_quality|order_book_depth_quality,IWM,7,14.583333,alpha_v1.3_25m,,false,0,AVAILABLE,0,,,UNVERIFIED,,,,NOT_SELECTED,LIQUIDITY_BELOW_MINIMUM|INSUFFICIENT_PREMARKET_BARS,REJECT,false,,1.210000,1.260000,1.190000,1.210000,4.132231,-1.652893,0.000000,2024-03-11T09:39:00-04:00,4.132231,1.636364,false,execution_costs_v1.0,,0.000000,,,0.000000,0.000000,,,,,,,,
2024-03-11,DNN,BBG001S9ZPX7,true,10,15,1.840000,1.840000,30519.157333,25656599.566000,1606091571.360000,0.352162,0,,,,,,,,,,,,,0.000000,0,-0.364746,0,28.571429,0,0,0,0.106491,0,,,,,,,,,,,-0.198230,0,,0,UNVERIFIED,0,,0,6.036102,2,0.543478,0,25656599.566000,3,30519.157333,0,5,5.000000,5.000000,4.166667,25,call_options_confirmation|analyst_revision_strength|positive_social_attention_acceleration|spread_quality|order_book_depth_quality,IWM,0,0.000000,alpha_v1.3_25m,,false,0,AVAILABLE,0,,,UNVERIFIED,,,,NOT_SELECTED,LIQUIDITY_BELOW_MINIMUM|INSUFFICIENT_PREMARKET_BARS,REJECT,false,,1.850000,1.860000,1.800000,1.820000,0.540541,-2.702703,-1.621622,2024-03-11T09:30:00-04:00,0.540541,-1.562162,false,execution_costs_v1.0,,0.000000,,,0.000000,0.000000,,,,,,,,
2024-03-11,DOCU,BBG001T535D5,true,14,35,55.970000,55.650000,1493512.039367,187291365.706000,11373388383.570000,1.029612,1,0.063425,3,,,,,-1.223098,0,,,,,-0.571735,0,-0.203419,0,47.058824,0,0,0,0.606067,0,100.000000,4,,,,,-0.237554,0,-0.095769,0,-0.238412,0,OFFERING_DILUTION,0,SINGLE_SOURCE,1,3956.550000,0,3.346372,1,1.767733,0,187291365.706000,4,1493512.039367,3,17,17.000000,17.000000,14.166667,25,call_options_confirmation|analyst_revision_strength|positive_social_attention_acceleration|spread_quality|order_book_depth_quality,SPY,4,8.333333,alpha_v1.3_25m,,false,5,AVAILABLE,5,OFFERING_DILUTION,HIGH_QUALITY_WIRE,SINGLE_SOURCE,3956.550000,UNKNOWN,NEGATIVE,NOT_SELECTED,INSUFFICIENT_PREMARKET_BARS,PASS,false,,56.210000,58.519900,56.020100,58.010000,4.109411,-0.337840,3.202277,2024-03-11T09:51:00-04:00,4.109411,3.878136,false,execution_costs_v1.0,,0.000000,,,0.000000,0.000000,,,,,,,,
2024-03-11,ENVX,BBG00YC538B7,true,18,29,9.090000,9.100000,106524.385000,48122848.212500,1455553875.510000,0.310079,0,0.046828,2,0.010640,0,,,7.403409,4,4.236527,4,,,0.110011,0,0.068543,0,32.142857,0,2,2,0.448313,0,84.843206,4,70.533881,4,,,0.603089,1,-0.294847,0,-0.198230,0,,0,UNVERIFIED,0,,0,7.795144,3,2.860286,0,48122848.212500,3,106524.385000,0,27,27.000000,27.000000,22.500000,25,call_options_confirmation|analyst_revision_strength|positive_social_attention_acceleration|spread_quality|order_book_depth_quality,IWM,12,25.000000,alpha_v1.3_25m,31.250000,false,0,AVAILABLE,0,,,UNVERIFIED,,,,NOT_SELECTED,LIQUIDITY_BELOW_MINIMUM|INSUFFICIENT_PREMARKET_BARS,REJECT,false,,9.110000,9.170000,8.860000,9.000000,0.658617,-2.744237,-1.207464,2024-03-11T09:32:00-04:00,0.658617,-1.647640,false,execution_costs_v1.0,,0.000000,,,0.000000,0.000000,,,,,,,,
2024-03-11,ETRN,BBG00K53L401,false,40,78,11.150000,11.650000,16393389.244700,42456913.814000,4830860150.000000,1702.109679,4,-0.043376,0,-0.033202,0,-0.059841,0,20.706391,4,10.143513,4,1.457983,3,4.484305,3,-1.955209,0,37.662338,0,0,0,3.635449,4,27.586207,0,29.709526,0,31.826642,0,0.112231,0,4.570304,1,-0.198230,0,,0,UNVERIFIED,0,,0,2.368930,1,9.058296,2,42456913.814000,3,16393389.244700,4,33,33.000000,33.000000,27.500000,25,call_options_confirmation|analyst_revision_strength|positive_social_attention_acceleration|spread_quality|order_book_depth_quality,IWM,22,45.833333,alpha_v1.3_25m,,false,0,AVAILABLE,0,,,UNVERIFIED,,,,NOT_SELECTED,BELOW_RESEARCH_THRESHOLD,PASS,false,,11.590000,11.706600,11.140000,11.320000,1.006040,-3.882657,-2.329594,2024-03-11T09:32:00-04:00,1.006040,-2.588438,false,execution_costs_v1.0,,0.000000,,,0.000000,0.000000,,,,,,,,
2024-03-11,EWBC,BBG001SCC7R2,false,41,47,76.820000,76.380000,4706612.663567,69612104.188500,10868954519.999998,17.914513,4,0.026438,1,-0.012371,0,0.008006,0,5.653936,4,5.739882,4,-1.045039,0,-0.572768,0,0.118452,0,39.130435,0,1,1,0.598133,0,59.776233,2,44.060928,0,53.603660,1,0.311565,0,-0.645920,0,-0.238412,0,ANALYST_ACTION,2,SINGLE_SOURCE,1,,0,2.615548,1,1.510023,0,69612104.188500,4,4706612.663567,4,29,29.000000,29.000000,24.166667,25,call_options_confirmation|analyst_revision_strength|positive_social_attention_acceleration|spread_quality|order_book_depth_quality,SPY,14,29.166667,alpha_v1.3_25m,,false,1,AVAILABLE,1,ANALYST_ACTION,HIGH_QUALITY_WIRE,SINGLE_SOURCE,,UNKNOWN,UNKNOWN,NOT_SELECTED,BELOW_RESEARCH_THRESHOLD,PASS,false,,76.670000,77.500000,76.085000,76.390000,1.082562,-0.763010,-0.365202,2024-03-11T09:34:00-04:00,1.082562,-0.143472,false,execution_costs_v1.0,,0.000000,,,0.000000,0.000000,,,,,,,,
2024-03-11,FCEL,BBG001SDZHP5,true,26,68,1.130000,1.130000,130905.610233,16250503.221750,509207756.290000,0.855002,0,-0.042366,0,0.013611,0,0.009723,0,29.443324,4,9.243940,4,-1.133521,0,0.000000,0,-0.189625,0,31.343284,0,1,1,0.353626,0,33.333333,0,50.000000,1,50.000000,1,0.603089,1,-0.404858,0,-0.198230,0,,0,UNVERIFIED,0,,0,8.154235,3,2.654867,0,16250503.221750,2,130905.610233,0,17,17.000000,17.000000,14.166667,25,call_options_confirmation|analyst_revision_strength|positive_social_attention_acceleration|spread_quality|order_book_depth_quality,IWM,9,18.750000,alpha_v1.3_25m,,false,0,AVAILABLE,0,,,UNVERIFIED,,,,NOT_SELECTED,LIQUIDITY_BELOW_MINIMUM|INSUFFICIENT_PREMARKET_BARS,REJECT,false,,1.130000,1.190000,1.110000,1.120000,5.309735,-1.769912,-0.884956,2024-03-11T09:38:00-04:00,5.309735,1.769912,false,execution_costs_v1.0,,0.000000,,,0.000000,0.000000,,,,,,,,
2024-03-11,FL,BBG001S5XMR1,true,21,39,24.200000,24.420000,875854.290033,151452873.845000,2278651430.000000,0.861121,0,-0.027996,0,0.016454,1,0.024685,1,-2.401328,0,-5.598864,0,-0.752791,0,0.909091,0,0.272487,1,39.473684,0,0,0,0.283962,0,0.000000,0,71.428571,4,63.106796,3,-0.136378,0,1.243699,0,-0.198230,0,EARNINGS,4,SINGLE_SOURCE,1,1394.000000,1,8.411924,3,1.557438,0,151452873.845000,4,875854.290033,2,25,25.000000,25.000000,20.833333,25,call_options_confirmation|analyst_revision_strength|positive_social_attention_acceleration|spread_quality|order_book_depth_quality,IWM,3,6.250000,alpha_v1.3_25m,,false,2,AVAILABLE,2,EARNINGS,HIGH_QUALITY_WIRE,SINGLE_SOURCE,1394.000000,UNKNOWN,UNKNOWN,NOT_SELECTED,INSUFFICIENT_PREMARKET_BARS,PASS,false,,24.500000,24.940000,24.002000,24.140000,1.795918,-2.032653,-1.469388,2024-03-11T10:22:00-04:00,0.693878,-0.163265,false,execution_costs_v1.0,,0.000000,,,0.000000,0.000000,,,,,,,,
2024-03-11,FOUR,BBG00TX393M3,true,12,13,82.160000,82.750100,648963.733333,148635747.804000,4783881516.960000,0.983219,0,,,,,,,,,,,,,0.718233,0,0.108989,0,41.666667,0,0,0,0.503120,0,,,,,,,-0.277735,0,1.194198,0,-0.198230,0,,0,UNVERIFIED,0,,0,5.856169,2,2.495131,0,148635747.804000,4,648963.733333,2,8,8.000000,8.000000,6.666667,25,call_options_confirmation|analyst_revision_strength|positive_social_attention_acceleration|spread_quality|order_book_depth_quality,IWM,0,0.000000,alpha_v1.3_25m,,false,0,AVAILABLE,0,,,UNVERIFIED,,,,NOT_SELECTED,INSUFFICIENT_PREMARKET_BARS,PASS,false,,84.400000,84.899800,81.650000,84.440000,0.592180,-3.258294,0.047393,2024-03-11T14:59:00-04:00,0.000000,-2.464455,false,execution_costs_v1.0,,0.000000,,,0.000000,0.000000,,,,,,,,
2024-03-11,FUBO,BBG002CV4QZ3,true,17,43,1.680000,1.680000,108875.180867,28026915.979500,491541876.000000,0.160642,0,0.023830,1,0.004069,0,,,5.287045,4,-1.932622,0,,,0.000000,0,0.218102,0,30.952381,0,1,1,0.292147,0,50.505051,1,50.000000,1,,,,,,,-0.198230,0,,0,UNVERIFIED,0,,0,9.719388,3,2.380952,0,28026915.979500,3,108875.180867,0,14,14.000000,14.000000,11.666667,25,call_options_confirmation|analyst_revision_strength|positive_social_attention_acceleration|spread_quality|order_book_depth_quality,IWM,6,12.500000,alpha_v1.3_25m,18.750000,false,0,AVAILABLE,0,,,UNVERIFIED,,,,NOT_SELECTED,LIQUIDITY_BELOW_MINIMUM|INSUFFICIENT_PREMARKET_BARS,REJECT,false,,1.680000,1.736000,1.610000,1.620000,3.333333,-4.166667,-3.571429,2024-03-11T09:35:00-04:00,3.333333,0.000000,false,execution_costs_v1.0,,0.000000,,,0.000000,0.000000,,,,,,,,
2024-03-11,GCT,0001857816,true,11,17,34.380000,34.750000,656178.510333,85605534.862000,1408289099.760000,0.785786,0,,,,,,,,,,,,,1.076207,1,0.440427,1,56.250000,1,0,0,0.302130,0,,,,,,,,,,,-0.198230,0,,0,UNVERIFIED,0,,0,14.479328,4,3.984875,1,85605534.862000,4,656178.510333,2,14,14.000000,14.000000,11.666667,25,call_options_confirmation|analyst_revision_strength|positive_social_attention_acceleration|spread_quality|order_book_depth_quality,IWM,3,6.250000,alpha_v1.3_25m,,false,0,AVAILABLE,0,,,UNVERIFIED,,,,NOT_SELECTED,INSUFFICIENT_PREMARKET_BARS,PASS,false,,34.000000,35.410000,30.540000,30.830000,4.147059,-10.176471,-9.323529,2024-03-11T09:39:00-04:00,4.147059,-0.617647,false,execution_costs_v1.0,,0.000000,,,0.000000,0.000000,,,,,,,,
2024-03-11,GME,BBG001S5RLR0,true,10,22,14.650000,14.560000,267925.554367,42270641.588500,4471784957.100000,0.622376,0,,,,,,,,,,,,,-0.614334,0,-0.698207,0,47.619048,0,0,0,0.299526,0,,,,,,,-0.136378,0,-0.279726,0,-0.198230,0,OTHER,1,SINGLE_SOURCE,1,,0,4.689176,2,1.365188,0,42270641.588500,3,267925.554367,1,8,8.000000,8.000000,6.666667,25,call_options_confirmation|analyst_revision_strength|positive_social_attention_acceleration|spread_quality|order_book_depth_quality,IWM,0,0.000000,alpha_v1.3_25m,,false,3,AVAILABLE,3,OTHER,HIGH_QUALITY_WIRE,SINGLE_SOURCE,,UNKNOWN,UNKNOWN,NOT_SELECTED,INSUFFICIENT_PREMARKET_BARS,PASS,false,,14.640000,14.940000,14.360000,14.420000,2.049180,-1.912568,-1.502732,2024-03-11T09:36:00-04:00,2.049180,0.819672,false,execution_costs_v1.0,,0.000000,,,0.000000,0.000000,,,,,,,,
2024-03-11,GOEV,BBG00NBK0H68,false,34,96,2.130000,2.040000,546693.511600,10219167.297400,1480203081.120000,0.091976,0,0.035028,2,-0.053698,0,-0.069631,0,17.054567,4,0.947992,2,-3.471341,0,-4.225352,0,-3.380020,0,32.631579,0,1,1,0.914411,0,42.857143,0,38.321492,0,35.811578,0,0.112231,0,-4.139353,0,-0.198230,0,OTHER,1,SINGLE_SOURCE,1,,0,8.513749,3,9.502347,2,10219167.297400,2,546693.511600,2,20,20.000000,20.000000,16.666667,25,call_options_confirmation|analyst_revision_strength|positive_social_attention_acceleration|spread_quality|order_book_depth_quality,IWM,9,18.750000,alpha_v1.3_25m,,false,1,AVAILABLE,1,OTHER,OTHER,SINGLE_SOURCE,,UNKNOWN,UNKNOWN,NOT_SELECTED,BELOW_RESEARCH_THRESHOLD,PASS,false,,2.060000,2.070000,1.704900,1.795000,0.485437,-17.237864,-12.864078,2024-03-11T09:30:00-04:00,0.485437,-7.276699,false,execution_costs_v1.0,,0.000000,,,0.000000,0.000000,,,,,,,,
2024-03-11,GOGL,0001029145,true,10,42,13.930000,13.580000,730434.803333,22916118.925500,2777339621.490000,1.844935,3,,,,,,,,,,,,,-2.512563,0,-0.824616,0,34.146341,0,0,0,2.089873,4,,,,,,,,,,,-0.198230,0,,0,UNVERIFIED,0,,0,3.235566,1,4.594401,1,22916118.925500,2,730434.803333,2,13,13.000000,13.000000,10.833333,25,call_options_confirmation|analyst_revision_strength|positive_social_attention_acceleration|spread_quality|order_book_depth_quality,IWM,7,14.583333,alpha_v1.3_25m,,false,0,AVAILABLE,0,,,UNVERIFIED,,,,NOT_SELECTED,INSUFFICIENT_PREMARKET_BARS,PASS,false,,13.620000,13.648500,13.380000,13.440000,0.209251,-1.762115,-1.321586,2024-03-11T09:31:00-04:00,0.209251,-0.256975,false,execution_costs_v1.0,,0.000000,,,0.000000,0.000000,,,,,,,,
2024-03-11,GPS,BBG001S5RNN0,true,10,20,20.920000,20.850000,327812.838333,154012372.077000,7737903093.400001,0.265118,0,,,,,,,,,,,,,-0.334608,0,0.022654,0,36.842105,0,0,0,0.240447,0,,,,,,,-0.136378,0,0.000000,0,-0.198230,0,GUIDANCE,4,SINGLE_SOURCE,1,3956.550000,0,3.876946,1,0.908222,0,154012372.077000,4,327812.838333,1,11,11.000000,11.000000,9.166667,25,call_options_confirmation|analyst_revision_strength|positive_social_attention_acceleration|spread_quality|order_book_depth_quality,IWM,0,0.000000,alpha_v1.3_25m,,false,4,AVAILABLE,4,GUIDANCE,HIGH_QUALITY_WIRE,SINGLE_SOURCE,3956.550000,UNKNOWN,UNKNOWN,NOT_SELECTED,INSUFFICIENT_PREMARKET_BARS,PASS,false,,20.770000,21.950000,20.470000,21.650000,5.681271,-1.444391,4.236880,2024-03-11T15:43:00-04:00,2.118440,0.625903,false,execution_costs_v1.0,,0.000000,,,0.000000,0.000000,,,,,,,,
2024-03-11,GRAB,0001855612,true,10,44,3.080000,3.090000,302861.901667,97937030.797750,12024569480.000000,0.424028,0,,,,,,,,,,,,,0.324675,0,-0.283186,0,27.906977,0,0,0,0.281632,0,,,,,,,,,,,-0.238412,0,,0,UNVERIFIED,0,,0,3.849722,1,0.974026,0,97937030.797750,4,302861.901667,1,6,6.000000,6.000000,5.000000,25,call_options_confirmation|analyst_revision_strength|positive_social_attention_acceleration|spread_quality|order_book_depth_quality,SPY,0,0.000000,alpha_v1.3_25m,,false,0,AVAILABLE,0,,,UNVERIFIED,,,,NOT_SELECTED,INSUFFICIENT_PREMARKET_BARS,PASS,false,,3.100000,3.170000,3.090000,3.165000,2.258065,-0.322581,2.096774,2024-03-11T14:59:00-04:00,0.322581,-0.161290,false,execution_costs_v1.0,,0.000000,,,0.000000,0.000000,,,,,,,,
2024-03-11,HL,BBG001S5RXF7,true,13,20,4.060000,4.090000,308165.362200,25760448.520500,2506398560.820000,1.831080,3,,,,,,,,,,,,,0.738916,0,-0.108903,0,42.105263,0,0,0,0.477901,0,,,,,,,,,,,-0.198230,0,ANALYST_ACTION,2,SINGLE_SOURCE,1,,0,4.099226,2,1.970443,0,25760448.520500,3,308165.362200,1,12,12.000000,12.000000,10.000000,25,call_options_confirmation|analyst_revision_strength|positive_social_attention_acceleration|spread_quality|order_book_depth_quality,IWM,3,6.250000,alpha_v1.3_25m,,false,1,AVAILABLE,1,ANALYST_ACTION,HIGH_QUALITY_WIRE,SINGLE_SOURCE,,UNKNOWN,UNKNOWN,NOT_SELECTED,INSUFFICIENT_PREMARKET_BARS,PASS,false,,4.110000,4.420000,4.050000,4.310000,7.542579,-1.459854,4.866180,2024-03-11T14:08:00-04:00,4.136253,2.350365,false,execution_costs_v1.0,,0.000000,,,0.000000,0.000000,,,,,,,,
2024-03-11,HUT,BBG00390LJJ8,true,22,98,7.930000,8.230000,763562.236933,49569304.155500,1758015244.440000,0.372117,0,,,0.001565,0,0.003646,0,,,4.201633,4,1.344488,3,3.783102,2,-0.227333,0,36.082474,0,2,2,0.237823,0,,,54.545455,1,57.142857,2,,,,,-0.198230,0,,0,UNVERIFIED,0,,0,12.206990,4,2.520807,0,49569304.155500,3,763562.236933,2,23,23.000000,23.000000,19.166667,25,call_options_confirmation|analyst_revision_strength|positive_social_attention_acceleration|spread_quality|order_book_depth_quality,IWM,11,22.916667,alpha_v1.3_25m,,false,0,AVAILABLE,0,,,UNVERIFIED,,,,NOT_SELECTED,INSUFFICIENT_PREMARKET_BARS,PASS,false,,8.060000,8.100000,7.070000,7.080000,0.496278,-12.282878,-12.158809,2024-03-11T09:30:00-04:00,0.496278,-5.334988,false,execution_costs_v1.0,,0.000000,,,0.000000,0.000000,,,,,,,,
2024-03-11,IBRX,BBG007T9DYX8,true,11,19,5.490000,5.540000,122187.664300,20844369.615500,3665068249.050000,0.677741,0,,,,,,,,,,,,,0.910747,0,1.452991,3,50.000000,1,0,0,0.341849,0,,,,,,,1.036892,2,0.176802,0,-0.302947,0,,0,UNVERIFIED,0,,0,11.046058,4,3.825137,1,20844369.615500,2,122187.664300,0,13,13.000000,13.000000,10.833333,25,call_options_confirmation|analyst_revision_strength|positive_social_attention_acceleration|spread_quality|order_book_depth_quality,QQQ,4,8.333333,alpha_v1.3_25m,,false,0,AVAILABLE,0,,,UNVERIFIED,,,,NOT_SELECTED,LIQUIDITY_BELOW_MINIMUM|INSUFFICIENT_PREMARKET_BARS,REJECT,false,,5.450000,5.540000,5.110000,5.140000,1.651376,-6.238532,-5.688073,2024-03-11T09:59:00-04:00,1.651376,1.053211,false,execution_costs_v1.0,,0.000000,,,0.000000,0.000000,,,,,,,,
2024-03-11,IFBD,0001815566,true,16,80,6.480000,6.210000,432370.263267,12812635.193110,603974173.680000,0.057947,0,,,,,,,,,,,,,-4.166667,0,-2.356689,0,40.506329,0,0,0,0.172402,0,,,,,,,,,,,-0.198230,0,,0,UNVERIFIED,0,,0,26.880842,4,8.641975,2,12812635.193110,2,432370.263267,1,9,9.000000,9.000000,7.500000,25,call_options_confirmation|analyst_revision_strength|positive_social_attention_acceleration|spread_quality|order_book_depth_quality,IWM,0,0.000000,alpha_v1.3_25m,,false,0,AVAILABLE,0,,,UNVERIFIED,,,,NOT_SELECTED,INSUFFICIENT_PREMARKET_BARS,PASS,false,,6.170000,6.799900,6.000700,6.300000,10.209076,-2.743922,2.106969,2024-03-11T10:01:00-04:00,7.131280,6.239870,false,execution_costs_v1.0,,0.000000,,,0.000000,0.000000,,,,,,,,
2024-03-11,IONQ,BBG00XZP0LC3,false,54,231,10.810000,10.760000,5325369.628600,98564920.532500,2190055819.980000,0.843149,0,-0.018911,0,-0.008838,0,-0.018576,0,10.743862,4,0.224424,0,1.351419,3,-0.462535,0,-0.730988,0,33.043478,0,0,0,0.386752,0,50.000000,1,48.070988,0,49.122191,0,-0.277735,0,0.013431,0,-0.198230,0,OTHER,1,SINGLE_SOURCE,1,,0,7.547839,3,2.590194,0,98564920.532500,4,5325369.628600,4,21,21.000000,21.000000,17.500000,25,call_options_confirmation|analyst_revision_strength|positive_social_attention_acceleration|spread_quality|order_book_depth_quality,IWM,7,14.583333,alpha_v1.3_25m,,false,1,AVAILABLE,1,OTHER,OTHER,SINGLE_SOURCE,,UNKNOWN,UNKNOWN,NOT_SELECTED,BELOW_RESEARCH_THRESHOLD,PASS,false,,10.770000,10.770000,9.700000,9.790000,0.000000,-9.935005,-9.099350,2024-03-11T09:30:00-04:00,0.000000,-6.081708,false,execution_costs_v1.0,,0.000000,,,0.000000,0.000000,,,,,,,,
2024-03-11,IREN,0001878848,false,38,145,5.350000,5.670000,1434544.403167,77219128.048000,358933484.850000,0.580433,0,-0.030914,0,-0.001618,0,0.030617,2,-6.302235,0,-0.418517,0,2.858081,4,5.981308,3,0.008669,0,34.027778,0,1,1,0.528350,0,37.500000,0,41.982040,0,55.371393,2,,,,,-0.198230,0,,0,UNVERIFIED,0,,0,12.270227,4,5.981308,1,77219128.048000,4,1434544.403167,3,24,24.000000,24.000000,20.000000,25,call_options_confirmation|analyst_revision_strength|positive_social_attention_acceleration|spread_quality|order_book_depth_quality,IWM,10,20.833333,alpha_v1.3_25m,,false,0,AVAILABLE,0,,,UNVERIFIED,,,,NOT_SELECTED,BELOW_RESEARCH_THRESHOLD,PASS,false,,5.680000,5.780000,5.070000,5.080000,1.760563,-10.739437,-10.563380,2024-03-11T09:36:00-04:00,1.760563,-3.080986,false,execution_costs_v1.0,,0.000000,,,0.000000,0.000000,,,,,,,,
2024-03-11,JOBY,0001819848,false,37,117,5.410000,5.440000,864275.700667,33742989.909000,3753454488.910000,0.679052,0,0.034638,4,0.028958,4,0.011769,0,-1.304492,0,5.861380,4,4.171295,4,0.554529,0,0.247234,0,30.172414,0,2,2,0.327815,0,66.666667,3,61.755486,2,57.625786,2,0.112231,0,0.640528,0,-0.198230,0,OTHER,1,SINGLE_SOURCE,1,,0,5.690520,2,1.645102,0,33742989.909000,3,864275.700667,2,34,34.000000,34.000000,28.333333,25,call_options_confirmation|analyst_revision_strength|positive_social_attention_acceleration|spread_quality|order_book_depth_quality,IWM,18,37.500000,alpha_v1.3_25m,43.750000,false,1,AVAILABLE,1,OTHER,OTHER,SINGLE_SOURCE,,UNKNOWN,UNKNOWN,NOT_SELECTED,BELOW_RESEARCH_THRESHOLD,PASS,false,,5.410000,5.595000,5.388800,5.470000,3.419593,-0.391867,1.109057,2024-03-11T09:39:00-04:00,3.419593,0.369686,false,execution_costs_v1.0,,0.000000,,,0.000000,0.000000,,,,,,,,
2024-03-11,LAC,BBG01JLDH8P2,true,13,36,5.320000,5.442000,182330.904000,14948610.864000,851453609.720000,0.933789,0,,,,,,,,,,,,,2.293233,2,0.168955,0,34.285714,0,0,0,0.319996,0,,,,,,,,,,,-0.198230,0,,0,UNVERIFIED,0,,0,6.565252,2,2.067669,0,14948610.864000,2,182330.904000,0,6,6.000000,6.000000,5.000000,25,call_options_confirmation|analyst_revision_strength|positive_social_attention_acceleration|spread_quality|order_book_depth_quality,IWM,2,4.166667,alpha_v1.3_25m,,false,0,AVAILABLE,0,,,UNVERIFIED,,,,NOT_SELECTED,LIQUIDITY_BELOW_MINIMUM|INSUFFICIENT_PREMARKET_BARS,REJECT,false,,5.450000,5.929900,5.430000,5.830000,8.805505,-0.366972,6.972477,2024-03-11T15:16:00-04:00,4.220183,1.100917,false,execution_costs_v1.0,,0.000000,,,0.000000,0.000000,,,,,,,,
2024-03-11,LAZR,BBG00MS90LM0,true,12,45,2.070000,2.090000,86933.740400,18766555.990500,808086248.100000,0.436367,0,,,,,,,,,,,,,0.966184,0,-0.055514,0,25.000000,0,0,0,0.378780,0,,,,,,,0.112231,0,1.052183,0,-0.198230,0,,0,UNVERIFIED,0,,0,8.937543,3,2.898551,0,18766555.990500,2,86933.740400,0,5,5.000000,5.000000,4.166667,25,call_options_confirmation|analyst_revision_strength|positive_social_attention_acceleration|spread_quality|order_book_depth_quality,IWM,0,0.000000,alpha_v1.3_25m,,false,0,AVAILABLE,0,,,UNVERIFIED,,,,NOT_SELECTED,LIQUIDITY_BELOW_MINIMUM|INSUFFICIENT_PREMARKET_BARS,REJECT,false,,2.070000,2.130000,1.920000,1.925000,2.898551,-7.246377,-7.004831,2024-03-11T09:35:00-04:00,2.898551,0.004831,false,execution_costs_v1.0,,0.000000,,,0.000000,0.000000,,,,,,,,
2024-03-11,LCID,BBG00W7F99W4,false,49,147,3.100000,3.090000,1138462.466333,105865907.667000,7076215809.100000,0.639476,0,-0.028823,0,-0.019663,0,-0.013696,0,-15.563650,0,-0.596668,0,0.114411,0,-0.322581,0,-0.644743,0,26.027397,0,0,0,0.220858,0,33.333333,0,36.363636,0,42.180095,0,0.216948,0,-0.236581,0,-0.302947,0,GUIDANCE,4,SINGLE_SOURCE,1,4026.166667,0,8.130876,3,1.612903,0,105865907.667000,4,1138462.466333,3,15,15.000000,15.000000,12.500000,25,call_options_confirmation|analyst_revision_strength|positive_social_attention_acceleration|spread_quality|order_book_depth_quality,QQQ,0,0.000000,alpha_v1.3_25m,,false,2,AVAILABLE,2,GUIDANCE,HIGH_QUALITY_WIRE,SINGLE_SOURCE,4026.166667,UNKNOWN,UNKNOWN,NOT_SELECTED,BELOW_RESEARCH_THRESHOLD,PASS,false,,3.095000,3.150000,2.980000,2.980000,1.777060,-3.715670,-3.715670,2024-03-11T09:39:00-04:00,1.777060,0.000000,false,execution_costs_v1.0,,0.000000,,,0.000000,0.000000,,,,,,,,
2024-03-11,LFST,BBG01138DHT2,true,11,17,7.210000,7.550000,48023.000000,13249129.250500,2725417787.610000,10.938727,4,,,,,,,,,,,,,4.715673,3,0.759948,2,43.750000,0,0,0,0.735055,0,,,,,,,,,,,-0.198230,0,OTHER,1,SINGLE_SOURCE,1,,0,7.012086,3,4.022191,1,13249129.250500,2,48023.000000,0,17,17.000000,17.000000,14.166667,25,call_options_confirmation|analyst_revision_strength|positive_social_attention_acceleration|spread_quality|order_book_depth_quality,IWM,9,18.750000,alpha_v1.3_25m,,false,1,AVAILABLE,1,OTHER,OTHER,SINGLE_SOURCE,,UNKNOWN,UNKNOWN,NOT_SELECTED,LIQUIDITY_BELOW_MINIMUM|INSUFFICIENT_PREMARKET_BARS,REJECT,false,,7.383000,7.457000,7.070000,7.100000,1.002303,-4.239469,-3.833130,2024-03-11T09:30:00-04:00,1.002303,-2.004605,false,execution_costs_v1.0,,0.000000,,,0.000000,0.000000,,,,,,,,
2024-03-11,LXRX,BBG001SDWCZ8,false,58,130,2.170000,2.310800,4095349.810033,15128813.505500,531486588.150000,42.234113,4,-0.133501,0,-0.039828,0,0.046445,2,-12.312582,0,-2.264044,0,-2.670794,0,6.488479,4,-6.540610,0,38.759690,0,0,0,2.702289,4,30.976864,0,46.940727,0,53.209566,1,0.932175,1,5.754534,2,-0.198230,0,OFFERING_DILUTION,0,SINGLE_SOURCE,1,49.950000,4,13.245885,4,33.640553,4,15128813.505500,2,4095349.810033,4,37,37.000000,37.000000,30.833333,25,call_options_confirmation|analyst_revision_strength|positive_social_attention_acceleration|spread_quality|order_book_depth_quality,IWM,14,29.166667,alpha_v1.3_25m,,false,3,AVAILABLE,3,OFFERING_DILUTION,OTHER,SINGLE_SOURCE,49.950000,UNKNOWN,NEGATIVE,NOT_SELECTED,BELOW_RESEARCH_THRESHOLD,PASS,true,7,2.320000,2.820000,2.290000,2.815000,21.551724,-1.293103,21.336207,2024-03-11T15:59:00-04:00,14.439655,5.603448,false,execution_costs_v1.0,,0.000000,,,0.000000,0.000000,,,,,,,,
2024-03-11,LYFT,BBG004M9ZHY4,true,15,26,18.310000,18.250000,468192.615867,504580693.318000,7072017139.150000,0.064349,0,,,,,,,,,,,,,-0.327690,0,-0.243194,0,24.000000,0,0,0,0.133891,0,,,,,,,-0.173018,0,0.148276,0,-0.302947,0,,0,UNVERIFIED,0,,0,5.583249,2,0.873839,0,504580693.318000,4,468192.615867,1,7,7.000000,7.000000,5.833333,25,call_options_confirmation|analyst_revision_strength|positive_social_attention_acceleration|spread_quality|order_book_depth_quality,QQQ,0,0.000000,alpha_v1.3_25m,,false,0,AVAILABLE,0,,,UNVERIFIED,,,,NOT_SELECTED,INSUFFICIENT_PREMARKET_BARS,PASS,false,,18.260000,18.280000,17.550000,17.820000,0.109529,-3.888280,-2.409639,2024-03-11T09:30:00-04:00,0.109529,-2.163198,false,execution_costs_v1.0,,0.000000,,,0.000000,0.000000,,,,,,,,
2024-03-11,LYT,0001816319,true,22,84,8.000000,7.180000,397625.896533,35222188.458315,321011592.000000,0.110838,0,,,0.118957,4,0.043751,2,,,-0.518273,0,-0.798829,0,-10.250000,0,5.101781,4,48.192771,0,0,0,0.836466,0,,,91.443478,4,70.849128,4,,,,,-0.198230,0,GUIDANCE,4,SINGLE_SOURCE,1,66.283333,4,23.101161,4,17.500000,4,35222188.458315,3,397625.896533,1,39,39.000000,39.000000,32.500000,25,call_options_confirmation|analyst_revision_strength|positive_social_attention_acceleration|spread_quality|order_book_depth_quality,IWM,10,20.833333,alpha_v1.3_25m,,false,1,AVAILABLE,1,GUIDANCE,HIGH_QUALITY_WIRE,SINGLE_SOURCE,66.283333,UNKNOWN,POSITIVE,NOT_SELECTED,INSUFFICIENT_PREMARKET_BARS,PASS,false,,7.140000,8.000000,6.160100,6.520000,12.044818,-13.724090,-8.683473,2024-03-11T10:34:00-04:00,0.140056,-8.823529,false,execution_costs_v1.0,,0.000000,,,0.000000,0.000000,,,,,,,,
2024-03-11,M,BBG001S6KRW6,true,25,46,21.150000,21.170000,1060137.942667,184317174.967500,5787363562.650000,0.397747,0,-0.008755,0,0.001636,0,0.000114,0,-26.098465,0,-5.157191,0,0.701284,2,0.094563,0,0.003253,0,35.555556,0,1,1,0.831108,0,33.333333,0,60.000000,2,55.549390,2,-0.136378,0,0.429171,0,-0.198230,0,OTHER,1,SINGLE_SOURCE,1,,0,4.723708,2,3.026005,1,184317174.967500,4,1060137.942667,3,19,19.000000,19.000000,15.833333,25,call_options_confirmation|analyst_revision_strength|positive_social_attention_acceleration|spread_quality|order_book_depth_quality,IWM,3,6.250000,alpha_v1.3_25m,,false,1,AVAILABLE,1,OTHER,OTHER,SINGLE_SOURCE,,UNKNOWN,UNKNOWN,NOT_SELECTED,INSUFFICIENT_PREMARKET_BARS,PASS,false,,21.210000,21.500000,20.550000,20.550000,1.367280,-3.111740,-3.111740,2024-03-11T09:39:00-04:00,1.367280,-0.353607,false,execution_costs_v1.0,,0.000000,,,0.000000,0.000000,,,,,,,,
2024-03-11,MARA,BBG001V0L7T2,false,60,306,23.480000,24.640000,74125701.887200,2367273494.530750,4967260659.720000,0.832170,0,-0.002328,0,-0.023616,0,-0.010769,0,-2.699981,0,-0.451814,0,-0.068543,0,4.940375,3,-0.426888,0,41.311475,0,0,0,0.540236,0,51.020408,1,47.000000,0,47.114189,0,-0.173018,0,5.416340,2,-0.302947,0,GUIDANCE,4,SINGLE_SOURCE,1,204.250000,3,15.417681,4,6.814310,2,2367273494.530750,4,74125701.887200,4,28,28.000000,28.000000,23.333333,25,call_options_confirmation|analyst_revision_strength|positive_social_attention_acceleration|spread_quality|order_book_depth_quality,QQQ,3,6.250000,alpha_v1.3_25m,,false,4,AVAILABLE,4,GUIDANCE,HIGH_QUALITY_WIRE,SINGLE_SOURCE,204.250000,UNKNOWN,UNKNOWN,NOT_SELECTED,BELOW_RESEARCH_THRESHOLD,PASS,false,,24.665000,24.889900,20.600000,20.630000,0.911818,-16.480843,-16.359213,2024-03-11T09:30:00-04:00,0.911818,-6.385567,false,execution_costs_v1.0,,0.000000,,,0.000000,0.000000,,,,,,,,
2024-03-11,MNMD,BBG001TCSL84,true,19,53,9.700000,9.800000,553648.003700,25936634.703000,385253619.600000,0.443727,0,0.024874,1,,,,,-0.010424,0,,,,,1.030928,1,0.673171,2,46.153846,0,0,0,0.429191,0,61.111111,2,,,,,0.932175,1,0.296983,0,-0.198230,0,FDA_REGULATORY,4,SINGLE_SOURCE,1,4169.000000,0,9.381591,3,4.639175,1,25936634.703000,3,553648.003700,2,21,21.000000,21.000000,17.500000,25,call_options_confirmation|analyst_revision_strength|positive_social_attention_acceleration|spread_quality|order_book_depth_quality,IWM,4,8.333333,alpha_v1.3_25m,,false,2,AVAILABLE,2,FDA_REGULATORY,OTHER,SINGLE_SOURCE,4169.000000,UNKNOWN,UNKNOWN,NOT_SELECTED,INSUFFICIENT_PREMARKET_BARS,PASS,false,,9.980000,9.990000,8.269000,8.330000,0.100200,-17.144289,-16.533066,2024-03-11T09:30:00-04:00,0.100200,-8.967936,false,execution_costs_v1.0,,0.000000,,,0.000000,0.000000,,,,,,,,
2024-03-11,MPW,BBG001S7WM61,false,30,59,4.180000,4.210000,403188.917133,79897575.515000,2501495920.000000,0.708761,0,0.001240,0,0.007919,0,-0.007043,0,-11.341173,0,-1.749400,0,1.092213,3,0.717703,0,-0.037944,0,34.482759,0,0,0,0.258219,0,50.000000,1,50.000000,1,47.099768,0,0.271383,0,0.644550,0,-0.198230,0,ANALYST_ACTION,2,SINGLE_SOURCE,1,,0,6.595865,2,1.698565,0,79897575.515000,4,403188.917133,1,15,15.000000,15.000000,12.500000,25,call_options_confirmation|analyst_revision_strength|positive_social_attention_acceleration|spread_quality|order_book_depth_quality,IWM,3,6.250000,alpha_v1.3_25m,12.500000,false,2,AVAILABLE,2,ANALYST_ACTION,OTHER,SINGLE_SOURCE,,UNKNOWN,UNKNOWN,NOT_SELECTED,BELOW_RESEARCH_THRESHOLD,PASS,false,,4.200000,4.321200,4.150000,4.200000,2.885714,-1.190476,0.000000,2024-03-11T09:34:00-04:00,2.885714,1.547619,false,execution_costs_v1.0,,0.000000,,,0.000000,0.000000,,,,,,,,
2024-03-11,MVIS,BBG001S74TH5,true,10,15,2.470000,2.480000,51703.256667,5420114.419250,463824686.780000,1.308892,2,,,,,,,,,,,,,0.404858,0,0.249004,0,42.857143,0,0,0,0.614590,0,,,,,,,0.603089,1,0.000000,0,-0.198230,0,,0,UNVERIFIED,0,,0,6.674378,2,4.040486,1,5420114.419250,1,51703.256667,0,7,7.000000,7.000000,5.833333,25,call_options_confirmation|analyst_revision_strength|positive_social_attention_acceleration|spread_quality|order_book_depth_quality,IWM,2,4.166667,alpha_v1.3_25m,,false,0,AVAILABLE,0,,,UNVERIFIED,,,,NOT_SELECTED,LIQUIDITY_BELOW_MINIMUM|INSUFFICIENT_PREMARKET_BARS,REJECT,false,,2.500000,2.530000,2.360000,2.395000,1.200000,-5.600000,-4.200000,2024-03-11T10:29:00-04:00,0.800000,0.000000,false,execution_costs_v1.0,,0.000000,,,0.000000,0.000000,,,,,,,,
2024-03-11,NKLA,BBG00L4CWQW4,false,53,207,0.670000,0.682200,719370.108301,64209023.635640,660082327.010000,0.829741,0,-0.012941,0,0.010236,0,-0.001671,0,-15.791872,0,0.410413,1,-1.076799,0,1.820896,1,0.142473,0,38.349515,0,1,1,0.352947,0,62.643678,3,61.194030,2,48.728814,0,0.112231,0,1.906895,0,-0.198230,0,,0,UNVERIFIED,0,,0,9.046748,3,2.701493,0,64209023.635640,4,719370.108301,2,17,17.000000,17.000000,14.166667,25,call_options_confirmation|analyst_revision_strength|positive_social_attention_acceleration|spread_quality|order_book_depth_quality,IWM,3,6.250000,alpha_v1.3_25m,,false,1,AVAILABLE,0,,,UNVERIFIED,,,,NOT_SELECTED,BELOW_RESEARCH_THRESHOLD,PASS,false,,0.673500,0.699800,0.661500,0.662500,3.904974,-1.781737,-1.633259,2024-03-11T09:42:00-04:00,3.904974,2.449740,false,execution_costs_v1.0,,0.000000,,,0.000000,0.000000,,,,,,,,
2024-03-11,NOVA,BBG00PLQ1KH9,false,31,52,5.350000,5.310000,760179.922400,83479139.558000,654927520.650000,2.378506,4,-0.071952,0,-0.040368,0,-0.013471,0,-6.916949,0,4.191018,4,3.692661,4,-0.747664,0,-0.519042,0,29.411765,0,0,0,0.349775,0,41.176471,0,44.444444,0,41.935484,0,0.112231,0,-0.661664,0,-0.198230,0,,0,UNVERIFIED,0,,0,17.328304,4,3.736449,1,83479139.558000,4,760179.922400,2,23,23.000000,23.000000,19.166667,25,call_options_confirmation|analyst_revision_strength|positive_social_attention_acceleration|spread_quality|order_book_depth_quality,IWM,12,25.000000,alpha_v1.3_25m,,false,0,AVAILABLE,0,,,UNVERIFIED,,,,NOT_SELECTED,BELOW_RESEARCH_THRESHOLD,PASS,false,,5.330000,5.760000,5.230000,5.340000,8.067542,-1.876173,0.187617,2024-03-11T10:35:00-04:00,6.378987,4.690432,false,execution_costs_v1.0,,0.000000,,,0.000000,0.000000,,,,,,,,
2024-03-11,NVAX,BBG001SGL8G3,true,22,43,5.450000,5.490000,276284.686167,62598150.168500,549927808.250000,0.187113,0,0.037364,2,-0.036209,0,-0.027099,0,-10.513560,0,-3.191742,0,1.593300,3,0.733945,0,-0.634037,0,33.333333,0,0,0,0.338047,0,100.000000,4,28.571429,0,40.554156,0,0.932175,1,0.000000,0,-0.198230,0,OTHER,1,SINGLE_SOURCE,1,,0,11.965924,4,3.119266,1,62598150.168500,4,276284.686167,1,22,22.000000,22.000000,18.333333,25,call_options_confirmation|analyst_revision_strength|positive_social_attention_acceleration|spread_quality|order_book_depth_quality,IWM,5,10.416667,alpha_v1.3_25m,,false,1,AVAILABLE,1,OTHER,OTHER,SINGLE_SOURCE,,UNKNOWN,UNKNOWN,NOT_SELECTED,INSUFFICIENT_PREMARKET_BARS,PASS,false,,5.450000,5.615000,5.120000,5.140000,3.027523,-6.055046,-5.688073,2024-03-11T10:05:00-04:00,2.935780,2.385321,false,execution_costs_v1.0,,0.000000,,,0.000000,0.000000,,,,,,,,
2024-03-11,NVTS,BBG00YQ6KTM3,true,25,55,4.850000,5.070000,430002.453533,22734955.592500,842541330.700000,1.236180,1,0.059599,3,-0.061996,0,0.046332,2,1.360574,3,-0.043029,0,-1.480031,0,4.536082,3,1.437151,3,35.185185,0,1,1,0.582457,0,66.666667,3,47.826087,0,62.121212,3,0.603089,1,4.131224,1,-0.198230,0,OTHER,1,SINGLE_SOURCE,1,,0,9.454934,3,4.123711,1,22734955.592500,2,430002.453533,1,33,33.000000,33.000000,27.500000,25,call_options_confirmation|analyst_revision_strength|positive_social_attention_acceleration|spread_quality|order_book_depth_quality,IWM,16,33.333333,alpha_v1.3_25m,,false,1,AVAILABLE,1,OTHER,OTHER,SINGLE_SOURCE,,UNKNOWN,UNKNOWN,NOT_SELECTED,INSUFFICIENT_PREMARKET_BARS,PASS,false,,5.010000,5.240000,4.880000,5.140000,4.590818,-2.594810,2.594810,2024-03-11T09:44:00-04:00,4.590818,1.003992,false,execution_costs_v1.0,,0.000000,,,0.000000,0.000000,,,,,,,,
2024-03-11,NYCB,BBG001SD32Z2,false,49,127,3.420000,3.420000,1426242.661100,206022036.187000,2470899578.940000,0.390818,0,0.001604,0,0.023596,1,-0.010737,0,6.043530,4,-2.675585,0,-0.913494,0,0.000000,0,-0.800906,0,38.095238,0,1,1,0.356747,0,40.000000,0,56.226650,2,48.884427,0,0.271383,0,-0.073153,0,-0.198230,0,ANALYST_ACTION,2,SINGLE_SOURCE,1,,0,17.752715,4,4.678363,1,206022036.187000,4,1426242.661100,3,23,23.000000,23.000000,19.166667,25,call_options_confirmation|analyst_revision_strength|positive_social_attention_acceleration|spread_quality|order_book_depth_quality,IWM,6,12.500000,alpha_v1.3_25m,18.750000,false,8,AVAILABLE,8,ANALYST_ACTION,HIGH_QUALITY_WIRE,SINGLE_SOURCE,,UNKNOWN,POSITIVE,NOT_SELECTED,BELOW_RESEARCH_THRESHOLD,PASS,false,,3.450000,3.450000,3.190000,3.250000,0.000000,-7.536232,-5.797101,2024-03-11T09:30:00-04:00,0.000000,-6.231884,false,execution_costs_v1.0,,0.000000,,,0.000000,0.000000,,,,,,,,
2024-03-11,ONON,0001858985,true,14,53,33.090000,33.090000,1168064.177567,167167709.837000,10521908631.180000,2.344552,4,,,,,,,,,,,,,0.000000,0,-0.760950,0,30.769231,0,0,0,0.789990,0,,,,,,,,,,,-0.238412,0,,0,UNVERIFIED,0,,0,3.220654,1,2.598972,0,167167709.837000,4,1168064.177567,3,12,12.000000,12.000000,10.000000,25,call_options_confirmation|analyst_revision_strength|positive_social_attention_acceleration|spread_quality|order_book_depth_quality,SPY,4,8.333333,alpha_v1.3_25m,,false,0,AVAILABLE,0,,,UNVERIFIED,,,,NOT_SELECTED,INSUFFICIENT_PREMARKET_BARS,PASS,false,,33.000000,34.380000,33.000000,33.620000,4.181818,0.000000,1.878788,2024-03-11T14:49:00-04:00,2.000000,1.060606,false,execution_costs_v1.0,,0.000000,,,0.000000,0.000000,,,,,,,,
2024-03-11,OPEN,BBG00SHY8ZR0,true,19,102,3.060000,3.059900,641633.874900,63793319.841250,2017137333.420000,0.662371,0,,,-0.002376,0,,,,,-8.249849,0,,,-0.003268,0,0.121071,0,24.752475,0,0,0,0.374683,0,,,49.748744,0,,,0.271383,0,-0.076421,0,-0.198230,0,OTHER,1,SINGLE_SOURCE,1,,0,7.142624,3,2.614379,0,63793319.841250,4,641633.874900,2,11,11.000000,11.000000,9.166667,25,call_options_confirmation|analyst_revision_strength|positive_social_attention_acceleration|spread_quality|order_book_depth_quality,IWM,0,0.000000,alpha_v1.3_25m,,false,1,AVAILABLE,1,OTHER,OTHER,SINGLE_SOURCE,,UNKNOWN,UNKNOWN,NOT_SELECTED,INSUFFICIENT_PREMARKET_BARS,PASS,false,,3.060000,3.065000,2.890000,2.920000,0.163399,-5.555556,-4.575163,2024-03-11T09:30:00-04:00,0.163399,-2.578431,false,execution_costs_v1.0,,0.000000,,,0.000000,0.000000,,,,,,,,
2024-03-11,OPK,BBG001SD4254,true,10,19,0.957500,0.963000,56819.902500,7471852.561090,740201630.347500,0.963231,0,,,,,,,,,,,,,0.574413,0,0.594861,2,33.333333,0,0,0,0.387793,0,,,,,,,0.932175,1,-0.159532,0,-0.198230,0,,0,UNVERIFIED,0,,0,6.349123,2,2.026110,0,7471852.561090,1,56819.902500,0,6,6.000000,6.000000,5.000000,25,call_options_confirmation|analyst_revision_strength|positive_social_attention_acceleration|spread_quality|order_book_depth_quality,IWM,2,4.166667,alpha_v1.3_25m,,false,0,AVAILABLE,0,,,UNVERIFIED,,,,NOT_SELECTED,LIQUIDITY_BELOW_MINIMUM|INSUFFICIENT_PREMARKET_BARS,REJECT,false,,0.957800,0.965400,0.940000,0.942000,0.793485,-1.858426,-1.649614,2024-03-11T09:40:00-04:00,0.793485,-0.417624,false,execution_costs_v1.0,,0.000000,,,0.000000,0.000000,,,,,,,,
2024-03-11,ORA,BBG001S9LPW3,true,13,39,68.820000,68.610000,986449.453333,31290184.098500,4147116185.880000,11.603914,4,,,,,,,,,,,,,-0.305144,0,0.211205,0,39.473684,0,0,0,0.244043,0,,,,,,,0.112231,0,-0.219145,0,-0.198230,0,,0,UNVERIFIED,0,,0,2.748422,1,0.653880,0,31290184.098500,3,986449.453333,2,10,10.000000,10.000000,8.333333,25,call_options_confirmation|analyst_revision_strength|positive_social_attention_acceleration|spread_quality|order_book_depth_quality,IWM,4,8.333333,alpha_v1.3_25m,,false,0,AVAILABLE,0,,,UNVERIFIED,,,,NOT_SELECTED,INSUFFICIENT_PREMARKET_BARS,PASS,false,,68.820000,69.810000,67.360000,67.810000,1.438535,-2.121476,-1.467597,2024-03-11T09:34:00-04:00,1.438535,0.094449,false,execution_costs_v1.0,,0.000000,,,0.000000,0.000000,,,,,,,,
2024-03-11,PARA,BBG001S6L063,true,11,26,10.930000,10.880000,335299.088133,207732008.693500,7116548674.570000,0.280332,0,-0.021661,0,-0.009382,0,,,-8.815323,0,-2.177010,0,,,-0.457457,0,-0.454057,0,32.000000,0,0,0,0.286469,0,0.000000,0,33.333333,0,,,0.216948,0,-0.371457,0,-0.302947,0,EARNINGS,4,SINGLE_SOURCE,1,4239.466667,0,4.024376,2,1.097896,0,207732008.693500,4,335299.088133,1,12,12.000000,12.000000,10.000000,25,call_options_confirmation|analyst_revision_strength|positive_social_attention_acceleration|spread_quality|order_book_depth_quality,QQQ,0,0.000000,alpha_v1.3_25m,,false,2,AVAILABLE,2,EARNINGS,HIGH_QUALITY_WIRE,SINGLE_SOURCE,4239.466667,UNKNOWN,UNKNOWN,NOT_SELECTED,INSUFFICIENT_PREMARKET_BARS,PASS,false,,10.920000,11.690000,10.850000,11.630000,7.051282,-0.641026,6.501832,2024-03-11T14:10:00-04:00,2.623626,2.152015,false,execution_costs_v1.0,,0.000000,,,0.000000,0.000000,,,,,,,,
2024-03-11,PATH,BBG00GKS1G12,false,31,91,23.660000,23.660000,2399819.552933,241435576.600000,13409023280.379999,0.707761,0,0.025070,4,0.021262,4,0.004073,0,-21.731483,0,-0.303438,0,-1.096121,0,0.000000,0,-0.352361,0,36.666667,0,0,0,0.905571,0,67.500000,3,59.892086,2,54.755435,1,-0.237554,0,0.475966,0,-0.238412,0,OTHER,1,SINGLE_SOURCE,1,,0,4.005736,2,3.550296,1,241435576.600000,4,2399819.552933,3,26,26.000000,26.000000,21.666667,25,call_options_confirmation|analyst_revision_strength|positive_social_attention_acceleration|spread_quality|order_book_depth_quality,SPY,8,16.666667,alpha_v1.3_25m,20.833333,false,2,AVAILABLE,2,OTHER,OTHER,SINGLE_SOURCE,,UNKNOWN,UNKNOWN,NOT_SELECTED,BELOW_RESEARCH_THRESHOLD,PASS,false,,23.690000,24.690000,23.690000,24.105000,4.221190,0.000000,1.751794,2024-03-11T11:01:00-04:00,2.912621,0.991980,false,execution_costs_v1.0,,0.000000,,,0.000000,0.000000,,,,,,,,
2024-03-11,PHUN,BBG00DL9GZK1,true,25,92,10.480000,10.000000,726902.834267,79282690.041875,1285389250.080000,0.013751,0,-0.048095,0,0.003544,0,-0.018622,0,4.220827,4,-0.497860,0,0.260594,1,-4.580153,0,-1.029413,0,29.670330,0,0,0,0.400789,0,34.615385,0,50.000000,1,47.252747,0,-0.277735,0,-4.104187,0,-0.198230,0,,0,UNVERIFIED,0,,0,25.184160,4,7.633588,2,79282690.041875,4,726902.834267,2,18,18.000000,18.000000,15.000000,25,call_options_confirmation|analyst_revision_strength|positive_social_attention_acceleration|spread_quality|order_book_depth_quality,IWM,5,10.416667,alpha_v1.3_25m,,false,0,AVAILABLE,0,,,UNVERIFIED,,,,NOT_SELECTED,INSUFFICIENT_PREMARKET_BARS,PASS,false,,10.150000,11.080000,10.040000,10.410000,9.162562,-1.083744,2.561576,2024-03-11T09:53:00-04:00,9.162562,5.615764,false,execution_costs_v1.0,,0.000000,,,0.000000,0.000000,,,,,,,,
2024-03-11,PLUG,BBG001S6GJB2,false,51,183,4.020000,4.040000,2291604.227900,157953711.924250,2419928553.540000,0.472573,0,-0.004869,0,0.013183,0,-0.006303,0,-0.138442,0,-8.234134,0,-0.516578,0,0.497512,0,-0.126363,0,28.571429,0,0,0,0.349061,0,50.000000,1,49.928469,0,48.291183,0,0.603089,1,0.092654,0,-0.198230,0,GUIDANCE,4,SINGLE_SOURCE,1,4206.466667,0,9.797086,3,3.233831,1,157953711.924250,4,2291604.227900,3,18,18.000000,18.000000,15.000000,25,call_options_confirmation|analyst_revision_strength|positive_social_attention_acceleration|spread_quality|order_book_depth_quality,IWM,0,0.000000,alpha_v1.3_25m,,false,3,AVAILABLE,3,GUIDANCE,HIGH_QUALITY_WIRE,SINGLE_SOURCE,4206.466667,UNKNOWN,UNKNOWN,NOT_SELECTED,BELOW_RESEARCH_THRESHOLD,PASS,false,,4.015000,4.100000,3.610000,3.650000,2.117061,-10.087173,-9.090909,2024-03-11T09:36:00-04:00,2.117061,-3.872976,false,execution_costs_v1.0,,0.000000,,,0.000000,0.000000,,,,,,,,
2024-03-11,PRCH,BBG00QYZND49,true,19,34,3.660000,3.690000,120614.685800,6591035.976500,360260391.660000,0.594021,0,0.121056,4,0.083387,4,,,4.175450,4,4.005968,4,,,0.819672,0,1.141415,3,48.484848,0,2,2,0.561939,0,60.316369,2,62.171373,3,,,-0.277735,0,1.295638,0,-0.198230,0,GUIDANCE,4,SINGLE_SOURCE,1,3987.983333,0,8.574161,3,5.737705,1,6591035.976500,1,120614.685800,0,36,36.000000,36.000000,30.000000,25,call_options_confirmation|analyst_revision_strength|positive_social_attention_acceleration|spread_quality|order_book_depth_quality,IWM,21,43.750000,alpha_v1.3_25m,37.500000,false,3,AVAILABLE,3,GUIDANCE,HIGH_QUALITY_WIRE,SINGLE_SOURCE,3987.983333,UNKNOWN,POSITIVE,NOT_SELECTED,LIQUIDITY_BELOW_MINIMUM|INSUFFICIENT_PREMARKET_BARS,REJECT,false,,3.750000,4.020000,3.600000,3.760000,7.200000,-4.000000,0.266667,2024-03-11T13:09:00-04:00,1.864000,-1.600000,false,execution_costs_v1.0,,0.000000,,,0.000000,0.000000,,,,,,,,
2024-03-11,QS,BBG00VJ17DT1,true,15,41,6.040000,6.060000,236552.483167,47838434.303000,2956950167.440000,0.548275,0,,,,,,,,,,,,,0.331126,0,-0.597061,0,22.500000,0,0,0,0.540490,0,,,,,,,0.603089,1,-0.073732,0,-0.198230,0,,0,UNVERIFIED,0,,0,5.152081,2,2.814570,0,47838434.303000,3,236552.483167,0,6,6.000000,6.000000,5.000000,25,call_options_confirmation|analyst_revision_strength|positive_social_attention_acceleration|spread_quality|order_book_depth_quality,IWM,0,0.000000,alpha_v1.3_25m,,false,0,AVAILABLE,0,,,UNVERIFIED,,,,NOT_SELECTED,LIQUIDITY_BELOW_MINIMUM|INSUFFICIENT_PREMARKET_BARS,REJECT,false,,6.070000,6.240000,6.030000,6.045000,2.800659,-0.658979,-0.411862,2024-03-11T09:44:00-04:00,2.800659,0.494234,false,execution_costs_v1.0,,0.000000,,,0.000000,0.000000,,,,,,,,
2024-03-11,RDFN,BBG001V1F423,true,11,20,7.070000,7.040000,136162.489400,37370700.601750,805804600.370000,0.407531,0,,,,,,,,,,,,,-0.424328,0,-0.554580,0,21.052632,0,0,0,0.671288,0,,,,,,,0.271383,0,-0.497481,0,-0.198230,0,GUIDANCE,4,SINGLE_SOURCE,1,3987.983333,0,6.588200,2,3.960396,1,37370700.601750,3,136162.489400,0,11,11.000000,11.000000,9.166667,25,call_options_confirmation|analyst_revision_strength|positive_social_attention_acceleration|spread_quality|order_book_depth_quality,IWM,0,0.000000,alpha_v1.3_25m,,false,3,AVAILABLE,3,GUIDANCE,HIGH_QUALITY_WIRE,SINGLE_SOURCE,3987.983333,UNKNOWN,POSITIVE,NOT_SELECTED,LIQUIDITY_BELOW_MINIMUM|INSUFFICIENT_PREMARKET_BARS,REJECT,false,,7.058000,7.335000,6.820000,7.160000,3.924625,-3.372060,1.445169,2024-03-11T11:14:00-04:00,1.008784,-0.325871,false,execution_costs_v1.0,,0.000000,,,0.000000,0.000000,,,,,,,,
2024-03-11,REI,BBG001SNHQJ0,true,11,18,1.560000,1.560200,83057.960000,2167481.967000,304756565.880000,9.729814,4,-0.095819,0,,,,,-56.543429,0,,,,,0.012821,0,-0.323951,0,23.529412,0,0,0,0.284612,0,1.960784,0,,,,,,,,,-0.198230,0,,0,UNVERIFIED,0,,0,4.138278,2,1.282051,0,2167481.967000,0,83057.960000,0,6,6.000000,6.000000,5.000000,25,call_options_confirmation|analyst_revision_strength|positive_social_attention_acceleration|spread_quality|order_book_depth_quality,IWM,4,8.333333,alpha_v1.3_25m,,false,0,AVAILABLE,0,,,UNVERIFIED,,,,NOT_SELECTED,LIQUIDITY_BELOW_MINIMUM|INSUFFICIENT_PREMARKET_BARS,REJECT,false,,1.560000,1.630000,1.490000,1.600000,4.487179,-4.487179,2.564103,2024-03-11T14:32:00-04:00,0.641026,-2.564103,false,execution_costs_v1.0,,0.000000,,,0.000000,0.000000,,,,,,,,
2024-03-11,RIOT,BBG001SDW128,false,60,247,12.350000,12.850000,13848326.414633,473498783.758000,2453718155.200000,1.053497,1,-0.005008,0,-0.019900,0,-0.010208,0,0.181580,0,-1.991743,0,0.428305,1,4.048583,3,-0.410022,0,39.024390,0,0,0,0.677445,0,45.833333,0,46.370236,0,45.952576,0,0.271383,0,3.975430,1,-0.198230,0,GUIDANCE,4,SINGLE_SOURCE,1,4206.466667,0,12.354887,4,6.720648,2,473498783.758000,4,13848326.414633,4,25,25.000000,25.000000,20.833333,25,call_options_confirmation|analyst_revision_strength|positive_social_attention_acceleration|spread_quality|order_book_depth_quality,IWM,5,10.416667,alpha_v1.3_25m,,false,2,AVAILABLE,2,GUIDANCE,HIGH_QUALITY_WIRE,SINGLE_SOURCE,4206.466667,UNKNOWN,UNKNOWN,NOT_SELECTED,BELOW_RESEARCH_THRESHOLD,PASS,false,,12.830000,12.900000,11.730000,11.780000,0.545596,-8.573655,-8.183944,2024-03-11T09:30:00-04:00,0.545596,-5.027280,false,execution_costs_v1.0,,0.000000,,,0.000000,0.000000,,,,,,,,
2024-03-11,RIVN,BBG00741Y1P0,false,60,229,12.780000,12.760000,13065848.329867,768565108.385000,12117183076.980000,0.626100,0,0.013497,0,-0.003477,0,-0.019556,0,0.399156,1,1.777576,3,1.401099,3,-0.156495,0,-0.556980,0,33.771930,0,1,1,0.331062,0,64.285714,3,47.058824,0,45.256167,0,0.152412,0,-0.070495,0,-0.238412,0,GUIDANCE,4,SINGLE_SOURCE,1,4085.833333,0,8.945283,3,2.112676,0,768565108.385000,4,13065848.329867,4,27,27.000000,27.000000,22.500000,25,call_options_confirmation|analyst_revision_strength|positive_social_attention_acceleration|spread_quality|order_book_depth_quality,SPY,8,16.666667,alpha_v1.3_25m,,false,13,AVAILABLE,12,GUIDANCE,HIGH_QUALITY_WIRE,SINGLE_SOURCE,4085.833333,UNKNOWN,UNKNOWN,NOT_SELECTED,BELOW_RESEARCH_THRESHOLD,PASS,false,,12.870000,13.520000,12.555000,12.690000,5.050505,-2.447552,-1.398601,2024-03-11T10:42:00-04:00,0.574981,-1.515152,false,execution_costs_v1.0,,0.000000,,,0.000000,0.000000,,,,,,,,
2024-03-11,RKLB,BBG00Y61T0H6,true,16,39,4.420000,4.420000,104966.421133,37093476.266500,2136303633.880000,0.226882,0,,,,,,,,,,,,,0.000000,0,-0.791892,0,31.578947,0,0,0,0.421737,0,,,,,,,0.112231,0,0.085999,0,-0.198230,0,,0,UNVERIFIED,0,,0,6.100517,2,2.488688,0,37093476.266500,3,104966.421133,0,5,5.000000,5.000000,4.166667,25,call_options_confirmation|analyst_revision_strength|positive_social_attention_acceleration|spread_quality|order_book_depth_quality,IWM,0,0.000000,alpha_v1.3_25m,,false,0,AVAILABLE,0,,,UNVERIFIED,,,,NOT_SELECTED,LIQUIDITY_BELOW_MINIMUM|INSUFFICIENT_PREMARKET_BARS,REJECT,false,,4.440000,4.725000,4.440000,4.490000,6.418919,0.000000,1.126126,2024-03-11T10:51:00-04:00,4.954955,3.828829,false,execution_costs_v1.0,,0.000000,,,0.000000,0.000000,,,,,,,,
2024-03-11,ROKU,BBG001ZZPQM2,true,12,35,64.500000,64.490000,1464305.713567,693431407.612000,9127252519.500000,0.132211,0,,,,,,,,,,,,,-0.015504,0,0.048734,0,32.352941,0,0,0,0.258809,0,,,,,,,0.216948,0,0.070495,0,-0.302947,0,OTHER,1,SINGLE_SOURCE,1,,0,4.246800,2,1.162791,0,693431407.612000,4,1464305.713567,3,11,11.000000,11.000000,9.166667,25,call_options_confirmation|analyst_revision_strength|positive_social_attention_acceleration|spread_quality|order_book_depth_quality,QQQ,0,0.000000,alpha_v1.3_25m,,false,2,AVAILABLE,2,OTHER,OTHER,SINGLE_SOURCE,,UNKNOWN,UNKNOWN,NOT_SELECTED,INSUFFICIENT_PREMARKET_BARS,PASS,false,,64.270000,65.550000,63.830000,64.420000,1.991598,-0.684612,0.233390,2024-03-11T14:26:00-04:00,1.649136,1.042477,false,execution_costs_v1.0,,0.000000,,,0.000000,0.000000,,,,,,,,
2024-03-11,RUN,BBG0025XVR94,true,16,35,12.560000,12.650000,309032.400900,204858901.135500,2727822963.920000,0.148481,0,0.087308,4,,,,,-22.619403,0,,,,,0.716561,0,0.599937,2,44.117647,0,0,0,0.310563,0,92.307692,4,,,,,0.603089,1,0.311702,0,-0.198230,0,,0,UNVERIFIED,0,,0,7.545098,3,2.149682,0,204858901.135500,4,309032.400900,1,19,19.000000,19.000000,15.833333,25,call_options_confirmation|analyst_revision_strength|positive_social_attention_acceleration|spread_quality|order_book_depth_quality,IWM,6,12.500000,alpha_v1.3_25m,,false,0,AVAILABLE,0,,,UNVERIFIED,,,,NOT_SELECTED,INSUFFICIENT_PREMARKET_BARS,PASS,false,,12.460000,12.810000,11.900000,12.030000,2.808989,-4.494382,-3.451043,2024-03-11T09:44:00-04:00,2.808989,0.521669,false,execution_costs_v1.0,,0.000000,,,0.000000,0.000000,,,,,,,,
2024-03-11,RWAY,BBG012QFW480,true,11,13,11.560000,11.710000,161439.873467,5063733.368000,468287149.640000,5.245958,4,,,,,,,,,,,,,1.297578,1,0.018159,0,25.000000,0,0,0,0.839009,0,,,,,,,,,,,-0.198230,0,GUIDANCE,4,SINGLE_SOURCE,1,3987.983333,0,3.005190,1,1.845156,0,5063733.368000,1,161439.873467,0,12,12.000000,12.000000,10.000000,25,call_options_confirmation|analyst_revision_strength|positive_social_attention_acceleration|spread_quality|order_book_depth_quality,IWM,5,10.416667,alpha_v1.3_25m,,false,1,AVAILABLE,1,GUIDANCE,HIGH_QUALITY_WIRE,SINGLE_SOURCE,3987.983333,UNKNOWN,POSITIVE,NOT_SELECTED,LIQUIDITY_BELOW_MINIMUM|INSUFFICIENT_PREMARKET_BARS,REJECT,false,,11.610000,11.890000,11.480000,11.830000,2.411714,-1.119724,1.894918,2024-03-11T11:10:00-04:00,0.559862,-0.516796,false,execution_costs_v1.0,,0.000000,,,0.000000,0.000000,,,,,,,,
2024-03-11,RXRX,BBG00PQ4XJ54,false,38,95,11.190000,11.430000,1370323.070167,119722056.649250,2368735041.570000,0.410766,0,-0.010836,0,0.021840,1,-0.007458,0,8.260646,4,6.051203,4,-0.052075,0,2.144772,2,-0.686708,0,32.978723,0,1,1,0.565878,0,50.000000,1,68.421053,3,40.291262,0,0.932175,1,1.410827,0,-0.198230,0,PRODUCT,2,SINGLE_SOURCE,1,315.000000,3,12.473063,4,5.361930,1,119722056.649250,4,1370323.070167,3,35,35.000000,35.000000,29.166667,25,call_options_confirmation|analyst_revision_strength|positive_social_attention_acceleration|spread_quality|order_book_depth_quality,IWM,12,25.000000,alpha_v1.3_25m,,false,1,AVAILABLE,1,PRODUCT,OTHER,SINGLE_SOURCE,315.000000,UNKNOWN,UNKNOWN,NOT_SELECTED,BELOW_RESEARCH_THRESHOLD,PASS,false,,11.350000,11.550000,10.265000,10.370000,1.762115,-9.559471,-8.634361,2024-03-11T09:39:00-04:00,1.762115,-3.788546,false,execution_costs_v1.0,,0.000000,,,0.000000,0.000000,,,,,,,,
2024-03-11,SAVE,BBG001S70KL3,false,30,52,4.850000,4.820000,500225.603000,43001261.549500,529462666.000000,0.483845,0,0.010802,0,0.008972,0,-0.001174,0,-2.798121,0,-1.341735,0,-2.558833,0,-0.618557,0,-0.601501,0,33.333333,0,0,0,0.680731,0,50.372208,1,55.555556,2,43.811881,0,0.112231,0,-0.532558,0,-0.198230,0,EARNINGS,4,SINGLE_SOURCE,1,4113.000000,0,6.874374,2,3.505155,1,43001261.549500,3,500225.603000,2,16,16.000000,16.000000,13.333333,25,call_options_confirmation|analyst_revision_strength|positive_social_attention_acceleration|spread_quality|order_book_depth_quality,IWM,0,0.000000,alpha_v1.3_25m,8.333333,false,6,AVAILABLE,6,EARNINGS,OTHER,SINGLE_SOURCE,4113.000000,UNKNOWN,UNKNOWN,NOT_SELECTED,BELOW_RESEARCH_THRESHOLD,PASS,false,,4.800000,4.820100,4.450000,4.480000,0.418750,-7.291667,-6.666667,2024-03-11T09:35:00-04:00,0.418750,-4.622917,false,execution_costs_v1.0,,0.000000,,,0.000000,0.000000,,,,,,,,
2024-03-11,SILV,BBG009XQLJF5,false,35,66,5.570000,5.890000,728137.416000,6510808.874500,820078140.480000,21.623590,4,-0.113653,0,-0.084067,0,0.015336,1,16.537463,4,6.811796,4,0.854634,2,5.745063,3,0.128090,0,41.538462,0,1,1,2.853946,4,40.859343,0,39.049865,0,52.757860,1,,,,,-0.198230,0,,0,UNVERIFIED,0,,0,3.661067,1,10.771993,3,6510808.874500,1,728137.416000,2,31,31.000000,31.000000,25.833333,25,call_options_confirmation|analyst_revision_strength|positive_social_attention_acceleration|spread_quality|order_book_depth_quality,IWM,23,47.916667,alpha_v1.3_25m,,false,0,AVAILABLE,0,,,UNVERIFIED,,,,NOT_SELECTED,BELOW_RESEARCH_THRESHOLD,PASS,true,10,5.740000,6.690000,5.690000,6.100000,16.550523,-0.871080,6.271777,2024-03-11T11:55:00-04:00,13.240418,11.324042,false,execution_costs_v1.0,,0.000000,,,0.000000,0.000000,,,,,,,,
2024-03-11,SLRN,BBG00YJKJ8J2,false,41,54,7.480000,7.900000,2621594.889100,8482315.592000,727358334.120000,1369.334158,4,0.001204,0,0.056370,3,0.078069,4,-6.853815,0,1.083306,3,3.068763,4,5.614973,3,0.085746,0,32.075472,0,2,2,4.548655,4,46.456693,0,52.942619,1,56.300866,2,0.932175,1,4.881028,1,-0.198230,0,FDA_REGULATORY,4,SINGLE_SOURCE,1,73.000000,4,8.297937,3,33.823529,4,8482315.592000,1,2621594.889100,4,53,53.000000,53.000000,44.166667,25,call_options_confirmation|analyst_revision_strength|positive_social_attention_acceleration|spread_quality|order_book_depth_quality,IWM,27,56.250000,alpha_v1.3_25m,47.916667,false,1,AVAILABLE,1,FDA_REGULATORY,OTHER,SINGLE_SOURCE,73.000000,UNKNOWN,UNKNOWN,NOT_SELECTED,BELOW_RESEARCH_THRESHOLD,PASS,false,,7.910000,8.450000,7.570100,8.300000,6.826802,-4.297092,4.930468,2024-03-11T13:13:00-04:00,0.000000,-1.011378,false,execution_costs_v1.0,,0.000000,,,0.000000,0.000000,,,,,,,,
2024-03-11,SMR,BBG00YG48PG8,false,52,241,5.490000,6.300000,3119743.206433,9701064.029500,408912844.860000,5.272445,4,-0.033165,0,-0.019992,0,0.010818,0,-6.227014,0,-1.299983,0,-0.673513,0,14.754098,4,1.806485,3,44.583333,0,0,0,1.509796,3,38.461538,0,48.268698,0,57.158196,2,0.112231,0,14.840098,3,-0.198230,0,GUIDANCE,4,SINGLE_SOURCE,1,204.250000,3,8.255269,3,16.029144,4,9701064.029500,1,3119743.206433,4,39,39.000000,39.000000,32.500000,25,call_options_confirmation|analyst_revision_strength|positive_social_attention_acceleration|spread_quality|order_book_depth_quality,IWM,14,29.166667,alpha_v1.3_25m,,false,2,AVAILABLE,2,GUIDANCE,HIGH_QUALITY_WIRE,SINGLE_SOURCE,204.250000,UNKNOWN,UNKNOWN,NOT_SELECTED,BELOW_RESEARCH_THRESHOLD,PASS,false,,6.100000,6.535000,5.300000,5.460000,7.131148,-13.114754,-10.491803,2024-03-11T11:08:00-04:00,3.278689,-5.573770,false,execution_costs_v1.0,,0.000000,,,0.000000,0.000000,,,,,,,,
2024-03-11,SNDL,BBG00PNJJW51,true,10,21,1.360000,1.370000,22677.434900,3700882.100000,354280000.000000,0.501984,0,,,,,,,,,,,,,0.735294,0,0.598856,2,45.000000,0,0,0,0.722020,0,,,,,,,,,,,-0.198230,0,,0,UNVERIFIED,0,,0,4.089811,2,2.941176,0,3700882.100000,0,22677.434900,0,4,4.000000,4.000000,3.333333,25,call_options_confirmation|analyst_revision_strength|positive_social_attention_acceleration|spread_quality|order_book_depth_quality,IWM,2,4.166667,alpha_v1.3_25m,,false,0,AVAILABLE,0,,,UNVERIFIED,,,,NOT_SELECTED,LIQUIDITY_BELOW_MINIMUM|INSUFFICIENT_PREMARKET_BARS,REJECT,false,,1.360000,1.380000,1.330000,1.330000,1.470588,-2.205882,-2.205882,2024-03-11T09:33:00-04:00,1.470588,0.000000,false,execution_costs_v1.0,,0.000000,,,0.000000,0.000000,,,,,,,,
2024-03-11,SOFI,BBG00YB1ZF08,false,58,204,7.710000,7.770000,8442808.498533,460878593.846000,7385103915.300000,0.668368,0,0.006601,0,-0.000974,0,-0.008679,0,-0.934359,0,-1.815684,0,1.573783,3,0.778210,0,-0.440234,0,28.078818,0,0,0,0.464702,0,57.204611,2,47.612225,0,45.011309,0,0.376100,0,0.705057,0,-0.302947,0,EARNINGS,4,SINGLE_SOURCE,1,4261.750000,0,6.043450,2,2.204929,0,460878593.846000,4,8442808.498533,4,20,20.000000,20.000000,16.666667,25,call_options_confirmation|analyst_revision_strength|positive_social_attention_acceleration|spread_quality|order_book_depth_quality,QQQ,3,6.250000,alpha_v1.3_25m,,false,4,AVAILABLE,4,EARNINGS,HIGH_QUALITY_WIRE,SINGLE_SOURCE,4261.750000,UNKNOWN,UNKNOWN,NOT_SELECTED,BELOW_RESEARCH_THRESHOLD,PASS,false,,7.805000,7.950000,7.610000,7.680000,1.857783,-2.498398,-1.601537,2024-03-11T09:45:00-04:00,1.857783,-1.024984,false,execution_costs_v1.0,,0.000000,,,0.000000,0.000000,,,,,,,,
2024-03-11,SOUN,BBG017304PD5,false,60,282,5.860000,5.760200,8072629.154533,556463282.349500,1410530930.820000,0.190051,0,0.006864,0,-0.002001,0,-0.013614,0,-1.004846,0,-1.606338,0,0.208589,0,-1.703072,0,-1.637266,0,30.604982,0,0,0,0.318227,0,53.947368,1,42.645972,0,47.890026,0,-0.277735,0,-1.227106,0,-0.198230,0,OTHER,1,SINGLE_SOURCE,1,,0,17.320088,4,4.778157,1,556463282.349500,4,8072629.154533,4,16,16.000000,16.000000,13.333333,25,call_options_confirmation|analyst_revision_strength|positive_social_attention_acceleration|spread_quality|order_book_depth_quality,IWM,0,0.000000,alpha_v1.3_25m,,false,3,AVAILABLE,3,OTHER,OTHER,SINGLE_SOURCE,,UNKNOWN,UNKNOWN,NOT_SELECTED,BELOW_RESEARCH_THRESHOLD,PASS,false,,5.840000,6.255000,5.670700,5.980000,7.106164,-2.898973,2.397260,2024-03-11T14:09:00-04:00,4.109589,-1.207192,false,execution_costs_v1.0,,0.000000,,,0.000000,0.000000,,,,,,,,
2024-03-11,SPCE,BBG00HTN2DF3,true,24,65,1.720000,1.750000,305721.781133,16180548.942000,631474948.560000,1.353757,2,0.031629,2,-0.026683,0,-0.007067,0,-37.754307,0,-2.241940,0,0.486644,1,1.744186,1,-0.780867,0,29.687500,0,0,0,0.595568,0,49.261084,0,37.500000,0,45.941807,0,0.112231,0,1.830185,0,-0.198230,0,EARNINGS,4,SINGLE_SOURCE,1,2948.000000,0,7.034884,3,4.069767,1,16180548.942000,2,305721.781133,1,18,18.000000,18.000000,15.000000,25,call_options_confirmation|analyst_revision_strength|positive_social_attention_acceleration|spread_quality|order_book_depth_quality,IWM,6,12.500000,alpha_v1.3_25m,,false,2,AVAILABLE,2,EARNINGS,OTHER,SINGLE_SOURCE,2948.000000,UNKNOWN,UNKNOWN,NOT_SELECTED,INSUFFICIENT_PREMARKET_BARS,PASS,false,,1.730000,1.820000,1.720000,1.725000,5.202312,-0.578035,-0.289017,2024-03-11T09:39:00-04:00,5.202312,2.890173,false,execution_costs_v1.0,,0.000000,,,0.000000,0.000000,,,,,,,,
2024-03-11,TELL,BBG001S5TB09,true,16,29,0.865000,0.857500,55737.098167,31279847.177030,504837751.170000,0.328053,0,,,,,,,,,,,,,-0.867052,0,-2.105448,0,39.285714,0,0,0,0.371809,0,,,,,,,,,,,-0.198230,0,,0,UNVERIFIED,0,,0,11.504533,4,4.913295,1,31279847.177030,3,55737.098167,0,8,8.000000,8.000000,6.666667,25,call_options_confirmation|analyst_revision_strength|positive_social_attention_acceleration|spread_quality|order_book_depth_quality,IWM,0,0.000000,alpha_v1.3_25m,,false,0,AVAILABLE,0,,,UNVERIFIED,,,,NOT_SELECTED,LIQUIDITY_BELOW_MINIMUM|INSUFFICIENT_PREMARKET_BARS,REJECT,true,8,0.865000,1.020000,0.850000,0.982600,17.919075,-1.734104,13.595376,2024-03-11T14:08:00-04:00,6.242775,5.213873,false,execution_costs_v1.0,,0.000000,,,0.000000,0.000000,,,,,,,,
2024-03-11,TERN,BBG00KK1SJ17,true,11,13,8.110000,8.110000,23026.959833,8974686.268500,495293084.670000,1.421519,2,,,,,,,,,,,,,0.000000,0,-0.610327,0,41.666667,0,0,0,0.372289,0,,,,,,,0.932175,1,-0.733945,0,-0.198230,0,,0,UNVERIFIED,0,,0,9.065528,3,3.575832,1,8974686.268500,1,23026.959833,0,8,8.000000,8.000000,6.666667,25,call_options_confirmation|analyst_revision_strength|positive_social_attention_acceleration|spread_quality|order_book_depth_quality,IWM,2,4.166667,alpha_v1.3_25m,,false,0,AVAILABLE,0,,,UNVERIFIED,,,,NOT_SELECTED,LIQUIDITY_BELOW_MINIMUM|INSUFFICIENT_PREMARKET_BARS,REJECT,false,,8.180000,8.220000,7.300000,7.410000,0.488998,-10.757946,-9.413203,2024-03-11T09:33:00-04:00,0.488998,-3.965770,false,execution_costs_v1.0,,0.000000,,,0.000000,0.000000,,,,,,,,
2024-03-11,TLRY,BBG00L7XTPY9,true,28,54,1.700000,1.700000,221639.627767,31609399.421500,1241492274.100000,0.474907,0,0.100546,4,0.004995,0,0.006438,0,13.301607,4,1.742642,3,1.742878,3,0.000000,0,0.074974,0,18.867925,0,3,3,0.264083,0,100.000000,4,66.006601,3,57.082153,2,0.932175,1,-0.733945,0,-0.198230,0,OTHER,1,SINGLE_SOURCE,1,,0,4.575630,2,1.176471,0,31609399.421500,3,221639.627767,0,34,34.000000,34.000000,28.333333,25,call_options_confirmation|analyst_revision_strength|positive_social_attention_acceleration|spread_quality|order_book_depth_quality,IWM,17,35.416667,alpha_v1.3_25m,43.750000,false,2,AVAILABLE,2,OTHER,OTHER,SINGLE_SOURCE,,UNKNOWN,UNKNOWN,NOT_SELECTED,LIQUIDITY_BELOW_MINIMUM|INSUFFICIENT_PREMARKET_BARS,REJECT,false,,1.690000,1.730000,1.670000,1.675000,2.366864,-1.183432,-0.887574,2024-03-11T09:44:00-04:00,2.366864,0.000000,false,execution_costs_v1.0,,0.000000,,,0.000000,0.000000,,,,,,,,
2024-03-11,TOST,BBG00BTJVKB1,true,15,26,24.520000,24.400000,335413.418267,237414575.704500,13133719566.199999,0.261527,0,,,,,,,,,,,,,-0.489396,0,-0.643450,0,36.000000,0,0,0,0.542689,0,,,,,,,-0.237554,0,-0.013431,0,-0.238412,0,EARNINGS,4,SINGLE_SOURCE,1,1471.533333,0,3.997932,1,2.446982,0,237414575.704500,4,335413.418267,1,11,11.000000,11.000000,9.166667,25,call_options_confirmation|analyst_revision_strength|positive_social_attention_acceleration|spread_quality|order_book_depth_quality,SPY,0,0.000000,alpha_v1.3_25m,,false,3,AVAILABLE,3,EARNINGS,OTHER,SINGLE_SOURCE,1471.533333,UNKNOWN,UNKNOWN,NOT_SELECTED,INSUFFICIENT_PREMARKET_BARS,PASS,false,,24.490000,25.020000,24.380000,24.660000,2.164149,-0.449163,0.694161,2024-03-11T13:40:00-04:00,1.653736,0.040833,false,execution_costs_v1.0,,0.000000,,,0.000000,0.000000,,,,,,,,
2024-03-11,U,BBG0056JW5H5,true,17,64,27.060000,26.900000,1642764.952067,397324444.958000,10376355241.559999,0.200946,0,0.023418,1,0.001979,0,,,-29.237658,0,-4.222167,0,,,-0.591279,0,-0.303473,0,36.507937,0,0,0,0.338556,0,74.979149,4,50.000000,1,,,-0.237554,0,-0.115313,0,-0.238412,0,OTHER,1,SINGLE_SOURCE,1,,0,6.221624,2,1.589061,0,397324444.958000,4,1642764.952067,3,17,17.000000,17.000000,14.166667,25,call_options_confirmation|analyst_revision_strength|positive_social_attention_acceleration|spread_quality|order_book_depth_quality,SPY,1,2.083333,alpha_v1.3_25m,6.250000,false,1,AVAILABLE,1,OTHER,OTHER,SINGLE_SOURCE,,UNKNOWN,UNKNOWN,NOT_SELECTED,INSUFFICIENT_PREMARKET_BARS,PASS,false,,27.010000,27.540000,26.800000,27.090000,1.962236,-0.777490,0.296187,2024-03-11T09:39:00-04:00,1.962236,0.074047,false,execution_costs_v1.0,,0.000000,,,0.000000,0.000000,,,,,,,,
2024-03-11,UEC,BBG001SK6158,true,10,28,6.370000,6.410000,207948.303167,54196858.715000,2457854581.910000,0.667542,0,,,,,,,,,,,,,0.627943,0,-0.540155,0,55.555556,1,0,0,0.530438,0,,,,,,,,,,,-0.198230,0,OTHER,1,SINGLE_SOURCE,1,,0,6.043956,2,2.668760,0,54196858.715000,4,207948.303167,0,9,9.000000,9.000000,7.500000,25,call_options_confirmation|analyst_revision_strength|positive_social_attention_acceleration|spread_quality|order_book_depth_quality,IWM,1,2.083333,alpha_v1.3_25m,,false,1,AVAILABLE,1,OTHER,OTHER,SINGLE_SOURCE,,UNKNOWN,UNKNOWN,NOT_SELECTED,LIQUIDITY_BELOW_MINIMUM|INSUFFICIENT_PREMARKET_BARS,REJECT,false,,6.400000,6.600000,6.260000,6.490000,3.125000,-2.187500,1.406250,2024-03-11T10:17:00-04:00,0.781250,-0.156250,false,execution_costs_v1.0,,0.000000,,,0.000000,0.000000,,,,,,,,
2024-03-11,UPST,BBG00PKCBY62,true,28,79,27.340000,27.360000,2722079.377333,224459794.537500,2293488569.720000,0.435759,0,0.017605,1,0.011416,0,-0.016721,0,-7.954435,0,-7.583221,0,-1.386338,0,0.073153,0,-0.453513,0,39.743590,0,0,0,0.386415,0,100.000000,4,64.078842,3,38.291283,0,0.271383,0,0.000000,0,-0.198230,0,GUIDANCE,4,SINGLE_SOURCE,1,4206.466667,0,5.194822,2,2.374909,0,224459794.537500,4,2722079.377333,4,23,23.000000,23.000000,19.166667,25,call_options_confirmation|analyst_revision_strength|positive_social_attention_acceleration|spread_quality|order_book_depth_quality,IWM,1,2.083333,alpha_v1.3_25m,8.333333,false,3,AVAILABLE,3,GUIDANCE,HIGH_QUALITY_WIRE,SINGLE_SOURCE,4206.466667,UNKNOWN,UNKNOWN,NOT_SELECTED,INSUFFICIENT_PREMARKET_BARS,PASS,false,,27.500000,27.740000,26.070000,26.260000,0.872727,-5.200000,-4.509091,2024-03-11T09:45:00-04:00,0.872727,-1.818182,false,execution_costs_v1.0,,0.000000,,,0.000000,0.000000,,,,,,,,
2024-03-11,VKTX,BBG006LGV887,true,23,93,71.780000,69.770000,5310913.413867,862982559.399750,7180078246.340000,0.155565,0,-0.037456,0,-0.006807,0,0.008386,0,15.875568,4,7.421026,4,1.754746,3,-2.800223,0,-0.068709,0,42.391304,0,1,1,0.567468,0,33.371188,0,44.286566,0,53.045067,1,1.036892,2,-3.534168,0,-0.302947,0,LEGAL_REGULATORY,2,SINGLE_SOURCE,1,,0,16.544043,4,6.464196,2,862982559.399750,4,5310913.413867,4,32,32.000000,32.000000,26.666667,25,call_options_confirmation|analyst_revision_strength|positive_social_attention_acceleration|spread_quality|order_book_depth_quality,QQQ,12,25.000000,alpha_v1.3_25m,,false,4,AVAILABLE,4,LEGAL_REGULATORY,OTHER,SINGLE_SOURCE,,UNKNOWN,NEGATIVE,NOT_SELECTED,INSUFFICIENT_PREMARKET_BARS,PASS,false,,70.000000,70.030000,61.925000,63.450000,0.042857,-11.535714,-9.357143,2024-03-11T09:30:00-04:00,0.042857,-4.285714,false,execution_costs_v1.0,,0.000000,,,0.000000,0.000000,,,,,,,,
2024-03-11,VSCO,BBG01103B480,true,14,24,18.120000,17.910000,464951.482967,94216003.666500,1400196037.440000,0.204916,0,,,,,,,,,,,,,-1.158940,0,-0.148072,0,30.434783,0,0,0,0.319648,0,,,,,,,-0.136378,0,-0.824332,0,-0.198230,0,ANALYST_ACTION,2,SINGLE_SOURCE,1,,0,9.965744,3,1.545254,0,94216003.666500,4,464951.482967,1,11,11.000000,11.000000,9.166667,25,call_options_confirmation|analyst_revision_strength|positive_social_attention_acceleration|spread_quality|order_book_depth_quality,IWM,0,0.000000,alpha_v1.3_25m,,false,1,AVAILABLE,1,ANALYST_ACTION,HIGH_QUALITY_WIRE,SINGLE_SOURCE,,UNKNOWN,UNKNOWN,NOT_SELECTED,INSUFFICIENT_PREMARKET_BARS,PASS,false,,17.910000,19.145000,17.851500,19.020000,6.895589,-0.326633,6.197655,2024-03-11T15:46:00-04:00,3.103853,1.144612,false,execution_costs_v1.0,,0.000000,,,0.000000,0.000000,,,,,,,,
2024-03-11,VTYX,BBG00VC84K47,true,13,36,9.920000,9.460000,217268.225933,54546692.256000,584173285.120000,0.433516,0,-0.211037,0,-0.267449,0,,,10.844969,4,6.311020,4,,,-4.637097,0,-2.751956,0,31.428571,0,0,0,0.531615,0,34.194612,0,28.183581,0,,,0.932175,1,-5.371042,0,-0.198230,0,FDA_REGULATORY,4,SINGLE_SOURCE,1,135.000000,3,15.696933,4,8.971774,2,54546692.256000,4,217268.225933,0,27,27.000000,27.000000,22.500000,25,call_options_confirmation|analyst_revision_strength|positive_social_attention_acceleration|spread_quality|order_book_depth_quality,IWM,8,16.666667,alpha_v1.3_25m,,false,2,AVAILABLE,2,FDA_REGULATORY,OTHER,SINGLE_SOURCE,135.000000,UNKNOWN,UNKNOWN,NOT_SELECTED,LIQUIDITY_BELOW_MINIMUM|INSUFFICIENT_PREMARKET_BARS,REJECT,false,,10.225000,10.670000,6.820000,8.060000,4.352078,-33.300733,-21.173594,2024-03-11T09:30:00-04:00,4.352078,-23.233252,false,execution_costs_v1.0,,0.000000,,,0.000000,0.000000,,,,,,,,
2024-03-11,WULF,BBG0122MC919,false,48,200,2.010000,2.080000,1345740.714900,49969431.086500,468431187.420000,0.683693,0,-0.034231,0,0.011582,0,0.002258,0,-14.954511,0,-0.780053,0,0.156051,0,3.482587,2,-0.986835,0,33.165829,0,1,1,0.722692,0,44.444444,0,50.000000,1,48.387097,0,-0.277735,0,3.958553,1,-0.198230,0,,0,UNVERIFIED,0,,0,13.625800,4,8.955224,2,49969431.086500,3,1345740.714900,3,17,17.000000,17.000000,14.166667,25,call_options_confirmation|analyst_revision_strength|positive_social_attention_acceleration|spread_quality|order_book_depth_quality,IWM,3,6.250000,alpha_v1.3_25m,,false,0,AVAILABLE,0,,,UNVERIFIED,,,,NOT_SELECTED,BELOW_RESEARCH_THRESHOLD,PASS,false,,2.070000,2.089900,1.800000,1.815000,0.961353,-13.043478,-12.318841,2024-03-11T09:30:00-04:00,0.961353,-5.913043,false,execution_costs_v1.0,,0.000000,,,0.000000,0.000000,,,,,,,,
